rank	motif_DB	motif_ID	motif_alt_ID	consensus	p-value	adj_p-value	E-value	tests	FASTA_max	pos	neg	PWM_min	TP	%TP	FP	%FP
1	jaspar_vertebrates.meme	MA0746.1	SP3	VCCACGCCCMC	2.09e-15	2.12e-11	1.10e-8	10149	971	971	14540	1.19	694	71.47	8565	58.91
2	jaspar_vertebrates.meme	MA0599.1	KLF5	GCCCCDCCCH	2.22e-15	2.55e-11	1.32e-8	11508	971	971	14540	5.17	450	46.34	4899	33.69
3	jaspar_vertebrates.meme	MA0039.2	Klf4	DGGGYGKGGC	2.89e-12	2.61e-8	1.35e-5	9013	971	971	14540	1.64	568	58.50	6841	47.05
4	jaspar_vertebrates.meme	MA0056.1	MZF1	BGGGGA	2.49e-12	2.78e-8	1.44e-5	11164	971	971	14540	1.67	463	47.68	5295	36.42
5	jaspar_vertebrates.meme	MA0079.3	SP1	GCCCCKCCCCC	2.28e-10	2.79e-6	1.45e-3	12242	971	971	14540	5.72	517	53.24	6237	42.90
6	jaspar_vertebrates.meme	MA0516.1	SP2	GYCCCGCCYCYBSSS	3.94e-9	4.57e-5	2.37e-2	11592	971	971	14540	3.69	589	60.66	7428	51.09
7	jaspar_vertebrates.meme	MA0741.1	KLF16	GMCACGCCCCC	1.41e-8	1.17e-4	6.06e-2	8279	971	971	14540	1.14	580	59.73	7344	50.51
8	jaspar_vertebrates.meme	MA0162.2	EGR1	SCCCCGCCCCCGCM	1.35e-8	1.35e-4	6.99e-2	9982	971	971	14540	2.88	534	54.99	6650	45.74
9	jaspar_vertebrates.meme	MA0810.1	TFAP2A(var.2)	YGCCCBVRGGCR	3.57e-8	2.10e-4	1.09e-1	5874	971	971	14540	1.03	439	45.21	5298	36.44
10	jaspar_vertebrates.meme	MA0083.3	SRF	TGMCCATATATGGKCA	3.35e-6	6.13e-4	3.18e-1	183	971	971	14540	195	8	0.82	9	0.06
11	jaspar_vertebrates.meme	MA0872.1	TFAP2A(var.3)	TGCCCYSRGGGCA	3.59e-7	1.02e-3	5.28e-1	2837	971	971	14540	1.69	173	17.82	1756	12.08
12	jaspar_vertebrates.meme	MA0815.1	TFAP2C(var.3)	TGCCCYSRGGGCA	4.78e-7	1.30e-3	6.73e-1	2713	971	971	14540	1.86	163	16.79	1638	11.27
13	jaspar_vertebrates.meme	MA0747.1	SP8	RCCACGCCCMCY	4.29e-7	3.27e-3	1.70e0	7641	971	971	14540	1.38	471	48.51	5871	40.38
14	jaspar_vertebrates.meme	MA0813.1	TFAP2B(var.3)	TGCCCYBRGGGCA	7.96e-6	2.15e-2	1.11e1	2726	971	971	14540	1.86	151	15.55	1570	10.80
15	jaspar_vertebrates.meme	MA0524.2	TFAP2C	YGCCYBVRGGCA	6.16e-6	3.08e-2	1.60e1	5074	971	971	14540	1.06	363	37.38	4439	30.53
16	jaspar_vertebrates.meme	MA0146.2	Zfx	SSSGCCBVGGCCTS	4.33e-6	3.24e-2	1.68e1	7610	971	971	14540	4.38	225	23.17	2517	17.31
17	jaspar_vertebrates.meme	MA0811.1	TFAP2B	YGCCCBVRGGCA	9.56e-6	4.57e-2	2.37e1	4892	971	971	14540	1.03	362	37.28	4446	30.58
18	jaspar_vertebrates.meme	MA0477.1	FOSL1	RRTGASTCAKV	3.98e-5	6.45e-2	3.35e1	1675	971	971	14540	2.46	110	11.33	1102	7.58
19	jaspar_vertebrates.meme	MA0139.1	CTCF	YGRCCASYAGRKGGCRSYR	1.12e-4	1.84e-1	9.55e1	1809	971	971	14540	6.28	66	6.80	596	4.10
20	jaspar_vertebrates.meme	MA0735.1	GLIS1	MGACCCCCCACGAWGC	2.11e-2	1.92e-1	9.95e1	10	971	971	14540	1.09	3	0.31	7	0.05
21	jaspar_vertebrates.meme	MA0099.2	FOS::JUN	TGACTCA	5.66e-5	2.96e-1	1.54e2	6204	971	971	14540	3.64	158	16.27	1727	11.88
22	jaspar_vertebrates.meme	MA0808.1	TEAD3	RCATTCCW	1.04e-4	3.47e-1	1.80e2	4077	971	971	14540	7.29	72	7.42	665	4.57
23	jaspar_vertebrates.meme	MA0103.2	ZEB1	VCWCACCTG	1.01e-4	4.21e-1	2.19e2	5439	971	971	14540	10.8	105	10.81	1067	7.34
24	jaspar_vertebrates.meme	MA0738.1	HIC2	RTGCCCRSB	2.30e-4	6.39e-1	3.32e2	4422	971	971	14540	3.23	15	1.54	70	0.48
25	jaspar_vertebrates.meme	MA0490.1	JUNB	NRRTGASTCAK	5.51e-4	6.65e-1	3.45e2	1986	971	971	14540	9.49	69	7.11	671	4.61
26	jaspar_vertebrates.meme	MA0478.1	FOSL2	KRRTGASTCAB	6.65e-4	6.72e-1	3.49e2	1675	971	971	14540	5.24	78	8.03	787	5.41
27	jaspar_vertebrates.meme	MA0744.1	SCRT2	RWGCAACAGGTGS	2.51e-3	7.34e-1	3.81e2	527	971	971	14540	3.24	31	3.19	259	1.78
28	jaspar_vertebrates.meme	MA0779.1	PAX1	CGTCACGCWTGAVTGMM	1.13e-2	7.76e-1	4.03e2	133	971	971	14540	163	2	0.21	1	0.01
29	jaspar_vertebrates.meme	MA0491.1	JUND	DRTGASTCATS	1.58e-3	8.81e-1	4.57e2	1350	971	971	14540	1.02	111	11.43	1239	8.52
30	jaspar_vertebrates.meme	MA0732.1	EGR3	HHMCGCCCACGCAHH	1.85e-3	8.97e-1	4.66e2	1227	971	971	14540	1.34	86	8.86	921	6.33
31	jaspar_vertebrates.meme	MA0858.1	Rarb(var.2)	AGGTCAHVYARAGGTCA	6.26e-2	9.58e-1	4.97e2	49	971	971	14540	2.7e+03	1	0.10	0	0.00
32	jaspar_vertebrates.meme	MA0731.1	BCL6B	TGCTTTCTAGGAATTCM	2.76e-1	9.61e-1	4.99e2	10	971	971	14540	4.27	1	0.10	4	0.03
33	jaspar_vertebrates.meme	MA0685.1	SP4	BWRGCCACGCCCMCTYH	1.44e-3	9.74e-1	5.06e2	2548	971	971	14540	2.59	151	15.55	1767	12.15
34	jaspar_vertebrates.meme	MA0753.1	ZNF740	MCCCCCCCAC	9.76e-4	9.75e-1	5.06e2	3776	971	971	14540	1.01	277	28.53	3490	24.00
35	jaspar_vertebrates.meme	MA0476.1	FOS	DVTGASTCATB	2.02e-3	9.87e-1	5.12e2	2153	971	971	14540	1.01	166	17.10	1987	13.67
36	jaspar_vertebrates.meme	MA0867.1	SOX4	RAACAATTGCAGTGTT	3.22e-1	9.90e-1	5.14e2	12	971	971	14540	4.55	1	0.10	5	0.03
37	jaspar_vertebrates.meme	MA0489.1	JUN(var.2)	RRRRRRTGASTCAT	2.05e-3	9.92e-1	5.15e2	2338	971	971	14540	1.36	163	16.79	1947	13.39
38	jaspar_vertebrates.meme	MA0855.1	RXRB	GGGGTCAAAGGTCA	1.70e-2	9.92e-1	5.15e2	283	971	971	14540	10.3	15	1.54	116	0.80
39	jaspar_vertebrates.meme	MA0795.1	SMAD3	YGTCTAGACA	1.13e-2	9.93e-1	5.15e2	437	971	971	14540	511	2	0.21	1	0.01
40	jaspar_vertebrates.meme	MA0857.1	Rarb	AAAGGTCAAAAGGTCA	2.98e-2	9.94e-1	5.16e2	169	971	971	14540	3.41	8	0.82	51	0.35
41	jaspar_vertebrates.meme	MA0737.1	GLIS3	GACCCCCCACGAAG	3.52e-2	9.96e-1	5.17e2	155	971	971	14540	1.42	13	1.34	106	0.73
42	jaspar_vertebrates.meme	MA0821.1	HES5	YGGCACGTGCCR	4.96e-2	9.96e-1	5.17e2	112	971	971	14540	288	2	0.21	4	0.03
43	jaspar_vertebrates.meme	MA0066.1	PPARG	STAGGTCACNGTGACCYAST	1.17e-2	9.97e-1	5.18e2	499	971	971	14540	8.08	16	1.65	121	0.83
44	jaspar_vertebrates.meme	MA0493.1	Klf1	RRCCACACCCW	1.16e-3	9.97e-1	5.18e2	5118	971	971	14540	1.09	349	35.94	4530	31.16
45	jaspar_vertebrates.meme	MA0781.1	PAX9	CGTCACGCWTGASTGMM	1.05e-1	9.98e-1	5.18e2	55	971	971	14540	25.8	2	0.21	7	0.05
46	jaspar_vertebrates.meme	MA0856.1	RXRG	GRGGTCAAAGGTCA	1.93e-2	9.98e-1	5.18e2	337	971	971	14540	15	15	1.54	118	0.81
47	jaspar_vertebrates.meme	MA0752.1	ZNF410	KMCATCCCATAATAHTC	1.61e-1	9.98e-1	5.18e2	37	971	971	14540	1.94	4	0.41	30	0.21
48	jaspar_vertebrates.meme	MA0729.1	RARA	GAGGTCAAAAGGTCAAKB	2.04e-1	9.99e-1	5.19e2	33	971	971	14540	2.54	3	0.31	22	0.15
49	jaspar_vertebrates.meme	MA0841.1	NFE2	VATGACTCATS	2.08e-2	1.00e0	5.19e2	372	971	971	14540	1.67	27	2.78	258	1.77
50	jaspar_vertebrates.meme	MA0074.1	RXRA::VDR	GGGTCAHNGRGTTCA	2.31e-2	1.00e0	5.19e2	405	971	971	14540	54	4	0.41	14	0.10
51	jaspar_vertebrates.meme	MA0690.1	TBX21	AAGGTGTGAA	4.11e-3	1.00e0	5.19e2	2318	971	971	14540	207	5	0.51	13	0.09
52	jaspar_vertebrates.meme	MA0009.2	T	TCACACMTAKGTGTGA	3.31e-2	1.00e0	5.19e2	329	971	971	14540	95.6	4	0.41	16	0.11
53	jaspar_vertebrates.meme	MA0677.1	Nr2f6	RRGGTCAAAGGTCA	8.83e-3	1.00e0	5.19e2	1285	971	971	14540	2.16	70	7.21	772	5.31
54	jaspar_vertebrates.meme	MA0860.1	Rarg(var.2)	AAGGTCAMSARAGGTCA	1.34e-1	1.00e0	5.19e2	81	971	971	14540	1.11	8	0.82	73	0.50
55	jaspar_vertebrates.meme	MA0730.1	RARA(var.2)	AGGTCAHSYAAAGGTCA	6.26e-2	1.00e0	5.19e2	187	971	971	14540	8.1e+03	1	0.10	0	0.00
56	jaspar_vertebrates.meme	MA0512.2	Rxra	GRGGTCAAAGGTCA	3.45e-2	1.00e0	5.19e2	345	971	971	14540	2.74e+04	2	0.21	3	0.02
57	jaspar_vertebrates.meme	MA0115.1	NR1H2::RXRA	AAAGGTCAAAGGTCAAC	1.49e-1	1.00e0	5.19e2	77	971	971	14540	7.29	4	0.41	29	0.20
58	jaspar_vertebrates.meme	MA0003.3	TFAP2A	HGCCYSAGGCD	2.14e-3	1.00e0	5.19e2	5827	971	971	14540	1.07	384	39.55	5080	34.94
59	jaspar_vertebrates.meme	MA0822.1	HES7	YGGCACGTGCCR	1.05e-1	1.00e0	5.19e2	119	971	971	14540	299	2	0.21	7	0.05
60	jaspar_vertebrates.meme	MA0740.1	KLF14	KRCCACGCCCMCYT	3.89e-3	1.00e0	5.19e2	3365	971	971	14540	1.46	203	20.91	2534	17.43
61	jaspar_vertebrates.meme	MA0112.3	ESR1	ARGGTCACSRTGACCTK	1.53e-1	1.00e0	5.19e2	79	971	971	14540	2.07	6	0.62	52	0.36
62	jaspar_vertebrates.meme	MA0796.1	TGIF1	TGACAGCTGTCA	1.21e-1	1.00e0	5.19e2	114	971	971	14540	1.97e+03	1	0.10	1	0.01
63	jaspar_vertebrates.meme	MA0525.2	TP63	RACATGTYGKGACATGTC	2.67e-1	1.00e0	5.19e2	45	971	971	14540	1.6	4	0.41	38	0.26
64	jaspar_vertebrates.meme	MA0835.1	BATF3	TGATGACGTCATCA	7.68e-2	1.00e0	5.19e2	198	971	971	14540	2.25	14	1.44	133	0.91
65	jaspar_vertebrates.meme	MA0783.1	PKNOX2	TGACAGGTGTCA	8.39e-2	1.00e0	5.19e2	184	971	971	14540	29.6	6	0.62	43	0.30
66	jaspar_vertebrates.meme	MA0116.1	Znf423	GSMMCCYARGGKKBM	4.70e-2	1.00e0	5.19e2	367	971	971	14540	1.39	30	3.09	318	2.19
67	jaspar_vertebrates.meme	MA0655.1	JDP2	ATGACTCAT	1.91e-2	1.00e0	5.19e2	943	971	971	14540	4.97	30	3.09	292	2.01
68	jaspar_vertebrates.meme	MA0670.1	NFIA	NDTGCCAAND	4.74e-3	1.00e0	5.19e2	3804	971	971	14540	8.05	42	4.33	401	2.76
69	jaspar_vertebrates.meme	MA0758.1	E2F7	TTTTCCCGCCAAAA	2.37e-1	1.00e0	5.19e2	67	971	971	14540	20.9	3	0.31	24	0.17
70	jaspar_vertebrates.meme	MA0481.1	FOXP1	MWAADGTAAACAAAR	2.22e-3	1.00e0	5.19e2	8286	971	971	14540	7.96e+03	3	0.31	2	0.01
71	jaspar_vertebrates.meme	MA0782.1	PKNOX1	TGACAGSTGTCA	1.21e-1	1.00e0	5.19e2	155	971	971	14540	4.85e+03	1	0.10	1	0.01
72	jaspar_vertebrates.meme	MA0154.3	EBF1	ATTCCCHWGGGAMT	1.40e-2	1.00e0	5.19e2	1389	971	971	14540	1.04	106	10.92	1271	8.74
73	jaspar_vertebrates.meme	MA0870.1	Sox1	AACAATANCATTGTT	1.12e-1	1.00e0	5.19e2	186	971	971	14540	18.2	6	0.62	47	0.32
74	jaspar_vertebrates.meme	MA0689.1	TBX20	WAGGTGTGAAR	8.34e-3	1.00e0	5.19e2	2668	971	971	14540	226	5	0.51	16	0.11
75	jaspar_vertebrates.meme	MA0864.1	E2F2	AAAATGGCGCCATTTT	2.76e-1	1.00e0	5.19e2	72	971	971	14540	184	1	0.10	4	0.03
76	jaspar_vertebrates.meme	MA0469.2	E2F3	AAAAAKGGCGCCAWTTTT	3.07e-1	1.00e0	5.19e2	64	971	971	14540	6.48	3	0.31	28	0.19
77	jaspar_vertebrates.meme	MA0859.1	Rarg	RAGGTCAAAAGGTCAW	1.05e-1	1.00e0	5.19e2	234	971	971	14540	105	4	0.41	25	0.17
78	jaspar_vertebrates.meme	MA0160.1	NR4A2	AAGGTCAC	3.97e-3	1.00e0	5.19e2	6321	971	971	14540	7.71	28	2.88	234	1.61
79	jaspar_vertebrates.meme	MA0801.1	MGA	AGGTGTGA	6.92e-3	1.00e0	5.19e2	3827	971	971	14540	24.7	4	0.41	9	0.06
80	jaspar_vertebrates.meme	MA0805.1	TBX1	AGGTGTGA	9.21e-3	1.00e0	5.19e2	2948	971	971	14540	45.2	4	0.41	10	0.07
81	jaspar_vertebrates.meme	MA0754.1	CUX1	TRATCRATAH	1.28e-2	1.00e0	5.19e2	2131	971	971	14540	20.7	19	1.96	155	1.07
82	jaspar_vertebrates.meme	MA0743.1	SCRT1	RWGCAACAGGTGGBH	4.02e-2	1.00e0	5.19e2	691	971	971	14540	4.81	28	2.88	288	1.98
83	jaspar_vertebrates.meme	MA0868.1	SOX8	AACAATRTGCAGTGTT	7.43e-1	1.00e0	5.19e2	21	971	971	14540	1.16	1	0.10	20	0.14
84	jaspar_vertebrates.meme	MA0814.1	TFAP2C(var.2)	HGCCTSAGGCD	6.32e-3	1.00e0	5.19e2	4776	971	971	14540	1.03	327	33.68	4333	29.80
85	jaspar_vertebrates.meme	MA0728.1	Nr2f6(var.2)	RAGGTCAARAGGTCA	1.26e-1	1.00e0	5.19e2	242	971	971	14540	48.3	3	0.31	17	0.12
86	jaspar_vertebrates.meme	MA0683.1	POU4F2	RTGCATAATTAATGAG	2.16e-2	1.00e0	5.19e2	1445	971	971	14540	2.55e+04	2	0.21	2	0.01
87	jaspar_vertebrates.meme	MA0742.1	Klf12	GRCCACGCCCWHHWH	1.68e-2	1.00e0	5.19e2	1857	971	971	14540	1.69	108	11.12	1308	9.00
88	jaspar_vertebrates.meme	MA0736.1	GLIS2	GACCCCCCGCRAMG	4.79e-2	1.00e0	5.19e2	701	971	971	14540	1.04	54	5.56	632	4.35
89	jaspar_vertebrates.meme	MA0688.1	TBX2	DAGGTGTGAAA	7.98e-3	1.00e0	5.19e2	4366	971	971	14540	26.9	13	1.34	85	0.58
90	jaspar_vertebrates.meme	MA0824.1	ID4	NRCACCTGBH	7.24e-3	1.00e0	5.19e2	4882	971	971	14540	9.19	26	2.68	223	1.53
91	jaspar_vertebrates.meme	MA0002.2	RUNX1	BBYTGTGGTTT	2.60e-1	1.00e0	5.19e2	6441	971	971	14540	47.2	5	0.51	50	0.34
92	jaspar_vertebrates.meme	MA0004.1	Arnt	CACGTG	1.71e-1	1.00e0	5.19e2	3042	971	971	14540	6.62	7	0.72	66	0.45
93	jaspar_vertebrates.meme	MA0006.1	Ahr::Arnt	YGCGTG	1.11e-1	1.00e0	5.19e2	2662	971	971	14540	3.1	7	0.72	58	0.40
94	jaspar_vertebrates.meme	MA0007.3	Ar	RGGWACAYNGTGTWCYY	8.60e-1	1.00e0	5.19e2	297	971	971	14540	21.2	2	0.21	52	0.36
95	jaspar_vertebrates.meme	MA0014.2	PAX5	VDRRKCAGYSRAGCRTGAC	1.91e-1	1.00e0	5.19e2	2804	971	971	14540	54.3	6	0.62	56	0.39
96	jaspar_vertebrates.meme	MA0017.2	NR2F1	CARAGGTCAMVNG	1.68e-1	1.00e0	5.19e2	3834	971	971	14540	26.1	15	1.54	167	1.15
97	jaspar_vertebrates.meme	MA0018.2	CREB1	TGACGTCA	3.40e-2	1.00e0	5.19e2	3778	971	971	14540	16	10	1.03	73	0.50
98	jaspar_vertebrates.meme	MA0019.1	Ddit3::Cebpa	VNRTGCAATMCC	4.72e-1	1.00e0	5.19e2	3305	971	971	14540	13.2	9	0.93	126	0.87
99	jaspar_vertebrates.meme	MA0024.3	E2F1	TTTGGCGCCAAA	2.88e-1	1.00e0	5.19e2	855	971	971	14540	9.38	10	1.03	119	0.82
100	jaspar_vertebrates.meme	MA0025.1	NFIL3	TTAYGTAAYNH	6.45e-1	1.00e0	5.19e2	1946	971	971	14540	393	1	0.10	15	0.10
101	jaspar_vertebrates.meme	MA0027.2	EN1	SYAATTAV	2.28e-1	1.00e0	5.19e2	5333	971	971	14540	34	1	0.10	3	0.02
102	jaspar_vertebrates.meme	MA0028.2	ELK1	ACCGGAAGTR	5.22e-2	1.00e0	5.19e2	2586	971	971	14540	92.7	4	0.41	19	0.13
103	jaspar_vertebrates.meme	MA0029.1	Mecom	AAGAYAAGATAANA	6.40e-1	1.00e0	5.19e2	1385	971	971	14540	91.9	6	0.62	98	0.67
104	jaspar_vertebrates.meme	MA0030.1	FOXF2	BNAASGTAAACAAD	3.02e-1	1.00e0	5.19e2	3093	971	971	14540	42.5	31	3.19	416	2.86
105	jaspar_vertebrates.meme	MA0031.1	FOXD1	GTAAACAW	2.92e-1	1.00e0	5.19e2	5157	971	971	14540	6.73	69	7.11	961	6.61
106	jaspar_vertebrates.meme	MA0032.2	FOXC1	WAWGTAAAYAW	1.26e-1	1.00e0	5.19e2	7948	971	971	14540	789	4	0.41	27	0.19
107	jaspar_vertebrates.meme	MA0033.2	FOXL1	RTAAACA	6.96e-3	1.00e0	5.19e2	5581	971	971	14540	17	34	3.50	315	2.17
108	jaspar_vertebrates.meme	MA0035.3	Gata1	TYCTTATCTSY	6.04e-2	1.00e0	5.19e2	2916	971	971	14540	88.3	13	1.34	116	0.80
109	jaspar_vertebrates.meme	MA0036.2	GATA2	WRDTTCTTATCTSH	3.22e-1	1.00e0	5.19e2	2906	971	971	14540	475	1	0.10	5	0.03
110	jaspar_vertebrates.meme	MA0037.2	GATA3	AGATAAGA	1.67e-1	1.00e0	5.19e2	2014	971	971	14540	46.3	9	0.93	90	0.62
111	jaspar_vertebrates.meme	MA0038.1	Gfi1	YMAATCACHG	2.40e-1	1.00e0	5.19e2	8002	971	971	14540	18.7	4	0.41	36	0.25
112	jaspar_vertebrates.meme	MA0040.1	Foxq1	HATTGTTTATW	3.51e-1	1.00e0	5.19e2	4159	971	971	14540	21.4	55	5.66	776	5.34
113	jaspar_vertebrates.meme	MA0041.1	Foxd3	GWWTGTTTDTTT	9.21e-3	1.00e0	5.19e2	8390	971	971	14540	1.74e+03	4	0.41	10	0.07
114	jaspar_vertebrates.meme	MA0042.2	FOXI1	GTAAACA	1.92e-2	1.00e0	5.19e2	4552	971	971	14540	20.7	12	1.24	86	0.59
115	jaspar_vertebrates.meme	MA0043.2	HLF	NVTTACRTAAYH	4.53e-1	1.00e0	5.19e2	2658	971	971	14540	95.9	6	0.62	80	0.55
116	jaspar_vertebrates.meme	MA0046.2	HNF1A	DRTTAATNATTAACN	2.96e-1	1.00e0	5.19e2	4071	971	971	14540	185	22	2.27	287	1.97
117	jaspar_vertebrates.meme	MA0047.2	Foxa2	TGTTTACWYWGB	6.26e-2	1.00e0	5.19e2	4866	971	971	14540	446	1	0.10	0	0.00
118	jaspar_vertebrates.meme	MA0048.2	NHLH1	CGCAGCTGCK	6.66e-2	1.00e0	5.19e2	4007	971	971	14540	27.6	24	2.47	253	1.74
119	jaspar_vertebrates.meme	MA0050.2	IRF1	NTTYASTTTCACTTTCDBTTT	4.56e-1	1.00e0	5.19e2	6980	971	971	14540	4.44e+03	26	2.68	375	2.58
120	jaspar_vertebrates.meme	MA0051.1	IRF2	SGAAAGYGAAASCRWWWM	1.72e-1	1.00e0	5.19e2	1149	971	971	14540	528	6	0.62	54	0.37
121	jaspar_vertebrates.meme	MA0052.3	MEF2A	KCTAWAAATAGM	4.68e-1	1.00e0	5.19e2	3036	971	971	14540	1.22e+03	4	0.41	52	0.36
122	jaspar_vertebrates.meme	MA0057.1	MZF1(var.2)	BKAGGGGKAR	1.32e-2	1.00e0	5.19e2	7592	971	971	14540	1.1	472	48.61	6527	44.89
123	jaspar_vertebrates.meme	MA0058.3	MAX	AVCACGTGNY	2.17e-1	1.00e0	5.19e2	2659	971	971	14540	18.1	2	0.21	12	0.08
124	jaspar_vertebrates.meme	MA0059.1	MAX::MYC	RASCACGTGGT	3.22e-1	1.00e0	5.19e2	1315	971	971	14540	170	1	0.10	5	0.03
125	jaspar_vertebrates.meme	MA0060.2	NFYA	AGVSYKCTGATTGGTYSR	5.66e-2	1.00e0	5.19e2	2092	971	971	14540	3.28	100	10.30	1270	8.73
126	jaspar_vertebrates.meme	MA0062.2	Gabpa	CCGGAAGTGVV	1.38e-1	1.00e0	5.19e2	4913	971	971	14540	38.1	10	1.03	98	0.67
127	jaspar_vertebrates.meme	MA0063.1	Nkx2-5	WTAAKTG	5.04e-3	1.00e0	5.19e2	7891	971	971	14540	18	4	0.41	8	0.06
128	jaspar_vertebrates.meme	MA0065.2	Pparg::Rxra	STRGGGCARAGGKCA	1.67e-2	1.00e0	5.19e2	7633	971	971	14540	7.11	79	8.14	917	6.31
129	jaspar_vertebrates.meme	MA0067.1	Pax2	NGTCAYKB	7.08e-1	1.00e0	5.19e2	5433	971	971	14540	1.9	34	3.50	553	3.80
130	jaspar_vertebrates.meme	MA0068.2	PAX4	CTAATTAG	5.62e-1	1.00e0	5.19e2	5594	971	971	14540	29.9	4	0.41	59	0.41
131	jaspar_vertebrates.meme	MA0069.1	Pax6	TTCACGCWTSANTK	7.49e-1	1.00e0	5.19e2	2109	971	971	14540	52.6	2	0.21	40	0.28
132	jaspar_vertebrates.meme	MA0070.1	PBX1	HCATCAATCAAW	7.91e-1	1.00e0	5.19e2	2183	971	971	14540	1.16	117	12.05	1875	12.90
133	jaspar_vertebrates.meme	MA0071.1	RORA	AWMWAGGTCA	1.07e-1	1.00e0	5.19e2	2541	971	971	14540	22.9	20	2.06	217	1.49
134	jaspar_vertebrates.meme	MA0072.1	RORA(var.2)	NWWAWBTAGGTCAR	3.68e-1	1.00e0	5.19e2	557	971	971	14540	138	4	0.41	45	0.31
135	jaspar_vertebrates.meme	MA0073.1	RREB1	CCCCMAAMCAMCCMCMMMCV	1.74e-2	1.00e0	5.19e2	2344	971	971	14540	2.1	138	14.21	1722	11.84
136	jaspar_vertebrates.meme	MA0075.2	Prrx2	YYAATTAN	7.98e-2	1.00e0	5.19e2	8191	971	971	14540	17.7	7	0.72	53	0.36
137	jaspar_vertebrates.meme	MA0076.2	ELK4	BCRCTTCCGGB	2.81e-2	1.00e0	5.19e2	5862	971	971	14540	45.9	5	0.51	23	0.16
138	jaspar_vertebrates.meme	MA0077.1	SOX9	CYATTGTTY	1.53e-1	1.00e0	5.19e2	5722	971	971	14540	15.6	14	1.44	151	1.04
139	jaspar_vertebrates.meme	MA0078.1	Sox17	NHYATTGTS	8.17e-2	1.00e0	5.19e2	4840	971	971	14540	8.97	22	2.27	234	1.61
140	jaspar_vertebrates.meme	MA0080.4	SPI1	AAAAAGCGGAAGTW	1.76e-1	1.00e0	5.19e2	659	971	971	14540	2.98e+04	1	0.10	2	0.01
141	jaspar_vertebrates.meme	MA0081.1	SPIB	WGMGGAA	5.90e-1	1.00e0	5.19e2	11112	971	971	14540	4.26	103	10.61	1570	10.80
142	jaspar_vertebrates.meme	MA0084.1	SRY	NWWAACAAT	2.76e-1	1.00e0	5.19e2	9394	971	971	14540	60	1	0.10	4	0.03
143	jaspar_vertebrates.meme	MA0087.1	Sox5	ATTGTTD	1.21e-1	1.00e0	5.19e2	4802	971	971	14540	41.1	1	0.10	1	0.01
144	jaspar_vertebrates.meme	MA0088.2	ZNF143	TWCCCAYAATGCAYYG	4.74e-1	1.00e0	5.19e2	388	971	971	14540	18	10	1.03	141	0.97
145	jaspar_vertebrates.meme	MA0089.1	MAFG::NFE2L1	NATGAC	6.26e-2	1.00e0	5.19e2	4780	971	971	14540	5.39	1	0.10	0	0.00
146	jaspar_vertebrates.meme	MA0090.2	TEAD1	YRCATTCCWH	7.63e-3	1.00e0	5.19e2	6781	971	971	14540	9	38	3.91	365	2.51
147	jaspar_vertebrates.meme	MA0091.1	TAL1::TCF3	NSAMCATCTGKT	3.12e-1	1.00e0	5.19e2	1870	971	971	14540	175	2	0.21	16	0.11
148	jaspar_vertebrates.meme	MA0092.1	Hand1::Tcf3	BRTCTGGMWT	1.40e-1	1.00e0	5.19e2	6220	971	971	14540	8.65	17	1.75	187	1.29
149	jaspar_vertebrates.meme	MA0093.2	USF1	VYCAYGTGACC	1.93e-1	1.00e0	5.19e2	2369	971	971	14540	48	8	0.82	81	0.56
150	jaspar_vertebrates.meme	MA0095.2	YY1	CAARATGGCBGC	1.41e-1	1.00e0	5.19e2	4503	971	971	14540	223	3	0.31	18	0.12
151	jaspar_vertebrates.meme	MA0098.3	ETS1	ACCGGAARTR	1.24e-2	1.00e0	5.19e2	4378	971	971	14540	37.1	5	0.51	18	0.12
152	jaspar_vertebrates.meme	MA0100.2	Myb	BHAACTGYCA	3.77e-1	1.00e0	5.19e2	2550	971	971	14540	1.14	153	15.76	2230	15.34
153	jaspar_vertebrates.meme	MA0101.1	REL	BGGRNWTTCC	4.08e-2	1.00e0	5.19e2	5151	971	971	14540	16	6	0.62	35	0.24
154	jaspar_vertebrates.meme	MA0102.3	CEBPA	ATTGCAYAAYH	5.86e-2	1.00e0	5.19e2	3042	971	971	14540	141	5	0.51	29	0.20
155	jaspar_vertebrates.meme	MA0104.3	Mycn	RCCACGTG	4.94e-1	1.00e0	5.19e2	2483	971	971	14540	12.6	3	0.31	39	0.27
156	jaspar_vertebrates.meme	MA0105.4	NFKB1	AGGGGAWTCCCCT	2.04e-1	1.00e0	5.19e2	262	971	971	14540	1.04	20	2.06	241	1.66
157	jaspar_vertebrates.meme	MA0106.3	TP53	RACATGYCCGGRCATGTY	3.64e-1	1.00e0	5.19e2	224	971	971	14540	170	1	0.10	6	0.04
158	jaspar_vertebrates.meme	MA0107.1	RELA	GGGRATTTCC	1.66e-1	1.00e0	5.19e2	2376	971	971	14540	4.85	70	7.21	926	6.37
159	jaspar_vertebrates.meme	MA0108.2	TBP	STATAAAWRSVVVBN	3.93e-1	1.00e0	5.19e2	7957	971	971	14540	16.1	73	7.52	1053	7.24
160	jaspar_vertebrates.meme	MA0109.1	HLTF	NHMCWTDKNN	1.21e-1	1.00e0	5.19e2	9569	971	971	14540	18.7	1	0.10	1	0.01
161	jaspar_vertebrates.meme	MA0111.1	Spz1	AGGGTWWCAGC	1.21e-1	1.00e0	5.19e2	3947	971	971	14540	76.8	1	0.10	1	0.01
162	jaspar_vertebrates.meme	MA0113.3	NR3C1	DRGWACAYDRTGTWCYH	6.45e-1	1.00e0	5.19e2	203	971	971	14540	175	1	0.10	15	0.10
163	jaspar_vertebrates.meme	MA0114.3	Hnf4a	RGGGTCAAAGTCCAVT	5.40e-1	1.00e0	5.19e2	339	971	971	14540	419	1	0.10	11	0.08
164	jaspar_vertebrates.meme	MA0117.2	Mafb	AWWNTGCTGACD	2.65e-1	1.00e0	5.19e2	4014	971	971	14540	70.1	2	0.21	14	0.10
165	jaspar_vertebrates.meme	MA0119.1	NFIC::TLX1	TGGCASSRWGCCAA	7.68e-1	1.00e0	5.19e2	559	971	971	14540	4.39	8	0.82	148	1.02
166	jaspar_vertebrates.meme	MA0122.2	NKX3-2	RCCACTTAA	1.21e-1	1.00e0	5.19e2	4816	971	971	14540	32.9	1	0.10	1	0.01
167	jaspar_vertebrates.meme	MA0124.2	Nkx3-1	RCCACTTAA	5.62e-1	1.00e0	5.19e2	3837	971	971	14540	1.18	213	21.94	3214	22.10
168	jaspar_vertebrates.meme	MA0125.1	Nobox	TAATTRSY	1.41e-1	1.00e0	5.19e2	5031	971	971	14540	23.3	3	0.31	18	0.12
169	jaspar_vertebrates.meme	MA0130.1	ZNF354C	MTCCAC	4.38e-2	1.00e0	5.19e2	6728	971	971	14540	2.19	50	5.15	575	3.95
170	jaspar_vertebrates.meme	MA0131.2	HINFP	CARCGTCCGCKN	4.08e-2	1.00e0	5.19e2	2271	971	971	14540	11	9	0.93	65	0.45
171	jaspar_vertebrates.meme	MA0132.2	PDX1	VYAATTAR	2.28e-1	1.00e0	5.19e2	5253	971	971	14540	38.1	1	0.10	3	0.02
172	jaspar_vertebrates.meme	MA0135.1	Lhx3	WAATTAATTAWYY	1.76e-1	1.00e0	5.19e2	3869	971	971	14540	5.04e+04	1	0.10	2	0.01
173	jaspar_vertebrates.meme	MA0136.2	ELF5	AMSMGGAAGTD	1.17e-1	1.00e0	5.19e2	8578	971	971	14540	14.3	21	2.16	233	1.60
174	jaspar_vertebrates.meme	MA0137.3	STAT1	TTTCYRGGAAA	3.22e-2	1.00e0	5.19e2	3204	971	971	14540	341	5	0.51	24	0.17
175	jaspar_vertebrates.meme	MA0138.2	REST	TTCAGCACCATGGACAGCDCC	2.25e-1	1.00e0	5.19e2	485	971	971	14540	3.7	18	1.85	218	1.50
176	jaspar_vertebrates.meme	MA0140.2	GATA1::TAL1	MTTATCWSNNNNNHVCAG	6.26e-2	1.00e0	5.19e2	2083	971	971	14540	1.65e+03	1	0.10	0	0.00
177	jaspar_vertebrates.meme	MA0141.3	ESRRB	TCAAGGTCAWW	2.09e-1	1.00e0	5.19e2	1013	971	971	14540	4.34	39	4.02	505	3.47
178	jaspar_vertebrates.meme	MA0142.1	Pou5f1::Sox2	CWTTGTYATGCAAAT	3.79e-1	1.00e0	5.19e2	5925	971	971	14540	124	14	1.44	187	1.29
179	jaspar_vertebrates.meme	MA0143.3	Sox2	CCWTTGTY	2.76e-1	1.00e0	5.19e2	2553	971	971	14540	38.6	1	0.10	4	0.03
180	jaspar_vertebrates.meme	MA0144.2	STAT3	YTTCYKGGAAD	2.32e-1	1.00e0	5.19e2	6123	971	971	14540	49.5	23	2.37	288	1.98
181	jaspar_vertebrates.meme	MA0145.3	TFCP2	AAACCGGTTY	2.76e-1	1.00e0	5.19e2	2005	971	971	14540	130	1	0.10	4	0.03
182	jaspar_vertebrates.meme	MA0147.2	Myc	CCAYGTGSTY	1.25e-1	1.00e0	5.19e2	2353	971	971	14540	20.2	7	0.72	60	0.41
183	jaspar_vertebrates.meme	MA0148.3	FOXA1	YNBNTGTTTACWYWD	1.26e-1	1.00e0	5.19e2	4472	971	971	14540	9.72	151	15.55	2060	14.17
184	jaspar_vertebrates.meme	MA0149.1	EWSR1-FLI1	GGAAGGAAGGAAGGAAGG	1.58e-1	1.00e0	5.19e2	311	971	971	14540	1.44	24	2.47	284	1.95
185	jaspar_vertebrates.meme	MA0150.2	Nfe2l2	CASNATGACTCAGCA	2.95e-1	1.00e0	5.19e2	1449	971	971	14540	1.89	65	6.69	904	6.22
186	jaspar_vertebrates.meme	MA0151.1	Arid3a	ATYAAA	2.54e-1	1.00e0	5.19e2	7527	971	971	14540	29.4	3	0.31	25	0.17
187	jaspar_vertebrates.meme	MA0152.1	NFATC2	TTTTCCA	4.10e-1	1.00e0	5.19e2	10551	971	971	14540	20	5	0.51	62	0.43
188	jaspar_vertebrates.meme	MA0153.2	HNF1B	GTTAATNATTAAY	3.08e-1	1.00e0	5.19e2	2890	971	971	14540	12.1	57	5.87	792	5.45
189	jaspar_vertebrates.meme	MA0155.1	INSM1	TGYCWGGGGGCR	7.57e-2	1.00e0	5.19e2	3378	971	971	14540	3.48	95	9.78	1220	8.39
190	jaspar_vertebrates.meme	MA0156.2	FEV	ACCGGAAGTN	3.40e-2	1.00e0	5.19e2	3980	971	971	14540	27	10	1.03	73	0.50
191	jaspar_vertebrates.meme	MA0157.2	FOXO3	GTAAACAW	3.36e-2	1.00e0	5.19e2	2974	971	971	14540	48.6	25	2.57	246	1.69
192	jaspar_vertebrates.meme	MA0158.1	HOXA5	CDBWAATK	5.76e-1	1.00e0	5.19e2	7595	971	971	14540	9.97	7	0.72	107	0.74
193	jaspar_vertebrates.meme	MA0159.1	RARA::RXRA	RGKTCANVGRSAGGTCA	2.57e-1	1.00e0	5.19e2	1714	971	971	14540	5.43	35	3.60	462	3.18
194	jaspar_vertebrates.meme	MA0161.1	NFIC	TTGGCA	2.17e-2	1.00e0	5.19e2	8143	971	971	14540	2.38	26	2.68	247	1.70
195	jaspar_vertebrates.meme	MA0163.1	PLAG1	GGGGCCCWAGGGGG	2.74e-2	1.00e0	5.19e2	1447	971	971	14540	4.22	50	5.15	556	3.82
196	jaspar_vertebrates.meme	MA0164.1	Nr2e3	CAAGCTT	6.11e-1	1.00e0	5.19e2	2474	971	971	14540	15.9	5	0.51	79	0.54
197	jaspar_vertebrates.meme	MA0258.2	ESR2	AGGTCASVNTGMCCY	3.52e-2	1.00e0	5.19e2	2647	971	971	14540	15.2	19	1.96	175	1.20
198	jaspar_vertebrates.meme	MA0259.1	ARNT::HIF1A	VBACGTGC	4.08e-2	1.00e0	5.19e2	2127	971	971	14540	2.76	9	0.93	65	0.45
199	jaspar_vertebrates.meme	MA0442.1	SOX10	CWTTGT	1.21e-1	1.00e0	5.19e2	9861	971	971	14540	8.91	1	0.10	1	0.01
200	jaspar_vertebrates.meme	MA0461.2	Atoh1	RMCATATGBY	3.07e-1	1.00e0	5.19e2	2236	971	971	14540	16.2	11	1.13	135	0.93
201	jaspar_vertebrates.meme	MA0462.1	BATF::JUN	RRWATGASTCA	1.79e-2	1.00e0	5.19e2	2737	971	971	14540	3.53	112	11.53	1366	9.39
202	jaspar_vertebrates.meme	MA0463.1	Bcl6	DTTCCTRGAAAGCH	3.11e-2	1.00e0	5.19e2	5417	971	971	14540	65.7	20	2.06	184	1.27
203	jaspar_vertebrates.meme	MA0464.2	BHLHE40	VKCACGTGMC	3.16e-1	1.00e0	5.19e2	1302	971	971	14540	4.44	52	5.36	722	4.97
204	jaspar_vertebrates.meme	MA0465.1	CDX2	VDGYMATAAAA	1.94e-1	1.00e0	5.19e2	3184	971	971	14540	316	2	0.21	11	0.08
205	jaspar_vertebrates.meme	MA0466.2	CEBPB	RTTRCGCAAY	2.76e-1	1.00e0	5.19e2	2028	971	971	14540	62	1	0.10	4	0.03
206	jaspar_vertebrates.meme	MA0467.1	Crx	AAGRGGATTAG	6.59e-1	1.00e0	5.19e2	3250	971	971	14540	27.6	14	1.44	228	1.57
207	jaspar_vertebrates.meme	MA0468.1	DUX4	TAAYYYAATCA	4.04e-1	1.00e0	5.19e2	1843	971	971	14540	1.42e+03	1	0.10	7	0.05
208	jaspar_vertebrates.meme	MA0470.1	E2F4	GGGCGGGAARN	2.76e-1	1.00e0	5.19e2	6105	971	971	14540	36	1	0.10	4	0.03
209	jaspar_vertebrates.meme	MA0471.1	E2F6	RGGCGGGARRV	1.90e-2	1.00e0	5.19e2	8682	971	971	14540	1.49	515	53.04	7204	49.55
210	jaspar_vertebrates.meme	MA0472.2	EGR2	MCGCCCACGCA	6.66e-2	1.00e0	5.19e2	1390	971	971	14540	76.9	2	0.21	5	0.03
211	jaspar_vertebrates.meme	MA0473.2	ELF1	AACCCGGAAGTR	2.51e-1	1.00e0	5.19e2	2118	971	971	14540	17.6	30	3.09	390	2.68
212	jaspar_vertebrates.meme	MA0474.2	ERG	ACCGGAARTV	4.17e-2	1.00e0	5.19e2	4431	971	971	14540	29.1	5	0.51	26	0.18
213	jaspar_vertebrates.meme	MA0475.2	FLI1	ACCGGAARTR	1.17e-1	1.00e0	5.19e2	3178	971	971	14540	42.3	13	1.34	131	0.90
214	jaspar_vertebrates.meme	MA0479.1	FOXH1	BNSAATCCACA	2.40e-2	1.00e0	5.19e2	2720	971	971	14540	14.4	50	5.15	551	3.79
215	jaspar_vertebrates.meme	MA0480.1	Foxo1	TSYTGTTTACH	1.45e-2	1.00e0	5.19e2	5740	971	971	14540	117	7	0.72	35	0.24
216	jaspar_vertebrates.meme	MA0482.1	Gata4	YCTTATCTSHB	2.98e-2	1.00e0	5.19e2	2788	971	971	14540	76.4	8	0.82	51	0.35
217	jaspar_vertebrates.meme	MA0483.1	Gfi1b	AAATCWCWGCH	2.31e-1	1.00e0	5.19e2	4309	971	971	14540	97.6	6	0.62	60	0.41
218	jaspar_vertebrates.meme	MA0484.1	HNF4G	NRRGDNCAAAGKYCA	4.77e-2	1.00e0	5.19e2	4546	971	971	14540	8.56	73	7.52	888	6.11
219	jaspar_vertebrates.meme	MA0485.1	Hoxc9	RGCCATAAATCAY	1.71e-1	1.00e0	5.19e2	4159	971	971	14540	111	7	0.72	66	0.45
220	jaspar_vertebrates.meme	MA0486.2	HSF1	TTCTAGAAYRTTC	3.22e-1	1.00e0	5.19e2	713	971	971	14540	4.31e+03	1	0.10	5	0.03
221	jaspar_vertebrates.meme	MA0488.1	JUN	DDRATGATGTCAT	1.65e-1	1.00e0	5.19e2	1887	971	971	14540	16.1	34	3.50	422	2.90
222	jaspar_vertebrates.meme	MA0492.1	JUND(var.2)	DDDRATGABGTCATN	4.88e-2	1.00e0	5.19e2	1787	971	971	14540	4.89	71	7.31	862	5.93
223	jaspar_vertebrates.meme	MA0494.1	Nr1h3::Rxra	TGACCTNNAGTRACCYYDN	1.47e-1	1.00e0	5.19e2	3541	971	971	14540	21.8	20	2.06	228	1.57
224	jaspar_vertebrates.meme	MA0495.1	MAFF	GCTDASTCAGCAWWWTTH	8.24e-1	1.00e0	5.19e2	3776	971	971	14540	5.26	84	8.65	1381	9.50
225	jaspar_vertebrates.meme	MA0496.1	MAFK	MWDASTCAGCAWWWW	4.74e-1	1.00e0	5.19e2	3088	971	971	14540	21.3	30	3.09	438	3.01
226	jaspar_vertebrates.meme	MA0497.1	MEF2C	DDDCYAAAAATAGMW	4.91e-1	1.00e0	5.19e2	7476	971	971	14540	2.26e+03	2	0.21	24	0.17
227	jaspar_vertebrates.meme	MA0498.2	MEIS1	HTGACAD	3.85e-1	1.00e0	5.19e2	6366	971	971	14540	4.24	5	0.51	60	0.41
228	jaspar_vertebrates.meme	MA0499.1	Myod1	NSCAGCTGYYNYB	1.39e-1	1.00e0	5.19e2	5371	971	971	14540	35.2	5	0.51	39	0.27
229	jaspar_vertebrates.meme	MA0500.1	Myog	RRCAGCTGSNV	1.85e-1	1.00e0	5.19e2	5403	971	971	14540	1.01	351	36.15	5042	34.68
230	jaspar_vertebrates.meme	MA0501.1	MAF::NFE2	ATGACTCAGCANWTY	7.26e-1	1.00e0	5.19e2	972	971	971	14540	468	1	0.10	19	0.13
231	jaspar_vertebrates.meme	MA0502.1	NFYB	VMMYBRRCCAATCAG	1.36e-1	1.00e0	5.19e2	2898	971	971	14540	234	6	0.62	50	0.34
232	jaspar_vertebrates.meme	MA0503.1	Nkx2-5(var.2)	ARSCACTCAAS	2.93e-2	1.00e0	5.19e2	3539	971	971	14540	34.5	6	0.62	32	0.22
233	jaspar_vertebrates.meme	MA0504.1	NR2C2	VGRGGTCARAGGTCA	1.80e-2	1.00e0	5.19e2	2770	971	971	14540	2.74	113	11.64	1380	9.49
234	jaspar_vertebrates.meme	MA0505.1	Nr5a2	RAGTTCAAGGYCAGS	2.62e-1	1.00e0	5.19e2	2429	971	971	14540	7.89	46	4.74	620	4.26
235	jaspar_vertebrates.meme	MA0506.1	NRF1	GCGCVTGCGCR	8.26e-1	1.00e0	5.19e2	4378	971	971	14540	126	1	0.10	26	0.18
236	jaspar_vertebrates.meme	MA0507.1	POU2F2	YDNATTTGCATRT	3.45e-2	1.00e0	5.19e2	3291	971	971	14540	2.4e+03	2	0.21	3	0.02
237	jaspar_vertebrates.meme	MA0508.1	PRDM1	DRAAAGTGAAAGTGA	6.06e-1	1.00e0	5.19e2	8004	971	971	14540	119	24	2.47	374	2.57
238	jaspar_vertebrates.meme	MA0509.1	Rfx1	GTYNCCATGGCAAC	1.86e-1	1.00e0	5.19e2	2295	971	971	14540	1.02e+03	4	0.41	32	0.22
239	jaspar_vertebrates.meme	MA0510.2	RFX5	SGTTGCCATGGYAACV	3.12e-1	1.00e0	5.19e2	806	971	971	14540	2.89e+03	2	0.21	16	0.11
240	jaspar_vertebrates.meme	MA0511.2	RUNX2	WAACCGCAA	6.26e-2	1.00e0	5.19e2	2339	971	971	14540	41.1	1	0.10	0	0.00
241	jaspar_vertebrates.meme	MA0513.1	SMAD2::SMAD3::SMAD4	CTGTCTGDCACCT	4.21e-2	1.00e0	5.19e2	3217	971	971	14540	26.5	15	1.54	132	0.91
242	jaspar_vertebrates.meme	MA0514.1	Sox3	CCTTTGTYYY	4.05e-1	1.00e0	5.19e2	7452	971	971	14540	132	2	0.21	20	0.14
243	jaspar_vertebrates.meme	MA0515.1	Sox6	CCWTTGTYYY	5.40e-1	1.00e0	5.19e2	5040	971	971	14540	86.8	1	0.10	11	0.08
244	jaspar_vertebrates.meme	MA0517.1	STAT1::STAT2	THAGTTTCRKTTTCY	3.94e-1	1.00e0	5.19e2	6372	971	971	14540	2.38e+03	3	0.31	33	0.23
245	jaspar_vertebrates.meme	MA0518.1	Stat4	YTTCYRGGAARNVR	2.63e-1	1.00e0	5.19e2	5201	971	971	14540	146	6	0.62	63	0.43
246	jaspar_vertebrates.meme	MA0519.1	Stat5a::Stat5b	DTTTCCMAGAA	4.17e-1	1.00e0	5.19e2	4671	971	971	14540	35.8	41	4.22	588	4.04
247	jaspar_vertebrates.meme	MA0520.1	Stat6	BDBTTCCWSAGAAVY	2.76e-1	1.00e0	5.19e2	4292	971	971	14540	694	1	0.10	4	0.03
248	jaspar_vertebrates.meme	MA0521.1	Tcf12	RACAGCTGSNV	2.57e-1	1.00e0	5.19e2	4983	971	971	14540	1.04	319	32.85	4623	31.80
249	jaspar_vertebrates.meme	MA0522.2	TCF3	HRCACCTGBN	6.50e-2	1.00e0	5.19e2	6071	971	971	14540	14.3	5	0.51	30	0.21
250	jaspar_vertebrates.meme	MA0523.1	TCF7L2	DRASATCAAAGRVA	8.08e-1	1.00e0	5.19e2	5501	971	971	14540	108	5	0.51	102	0.70
251	jaspar_vertebrates.meme	MA0526.1	USF2	RYCAYGTGACY	2.26e-1	1.00e0	5.19e2	2651	971	971	14540	43.9	10	1.03	111	0.76
252	jaspar_vertebrates.meme	MA0527.1	ZBTB33	BTCTCGCGAGABYTS	8.14e-1	1.00e0	5.19e2	1323	971	971	14540	650	1	0.10	25	0.17
253	jaspar_vertebrates.meme	MA0528.1	ZNF263	GGAGGAGGRRGRGGRGGRRGR	7.82e-3	1.00e0	5.19e2	11638	971	971	14540	11.4	404	41.61	5474	37.65
254	jaspar_vertebrates.meme	MA0591.1	Bach1::Mafk	RSSATGACTCAGCAB	2.91e-1	1.00e0	5.19e2	694	971	971	14540	18.5	11	1.13	133	0.91
255	jaspar_vertebrates.meme	MA0592.2	Esrra	TTCAAGGTCAT	3.72e-1	1.00e0	5.19e2	739	971	971	14540	19.6	10	1.03	129	0.89
256	jaspar_vertebrates.meme	MA0593.1	FOXP2	RWGTAAACAVR	5.59e-2	1.00e0	5.19e2	5050	971	971	14540	16.7	103	10.61	1311	9.02
257	jaspar_vertebrates.meme	MA0594.1	Hoxa9	SCCATMAATCA	2.11e-2	1.00e0	5.19e2	3298	971	971	14540	257	3	0.31	7	0.05
258	jaspar_vertebrates.meme	MA0595.1	SREBF1	VTCACCCCAY	1.36e-2	1.00e0	5.19e2	2965	971	971	14540	1.6	152	15.65	1901	13.07
259	jaspar_vertebrates.meme	MA0596.1	SREBF2	RTGGGGTGAY	8.11e-2	1.00e0	5.19e2	2506	971	971	14540	1.36	144	14.83	1918	13.19
260	jaspar_vertebrates.meme	MA0597.1	THAP1	YTGCCCDBA	7.44e-2	1.00e0	5.19e2	10180	971	971	14540	3.06	3	0.31	13	0.09
261	jaspar_vertebrates.meme	MA0598.2	EHF	WACCCGGAAGTA	3.02e-1	1.00e0	5.19e2	2815	971	971	14540	9.12	40	4.12	545	3.75
262	jaspar_vertebrates.meme	MA0600.2	RFX2	SGTTGCCATGGYAACS	2.76e-1	1.00e0	5.19e2	711	971	971	14540	7.94e+03	1	0.10	4	0.03
263	jaspar_vertebrates.meme	MA0601.1	Arid3b	ATATTAATWAN	6.35e-2	1.00e0	5.19e2	8235	971	971	14540	206	13	1.34	117	0.80
264	jaspar_vertebrates.meme	MA0602.1	Arid5a	SYAATATTGVDANH	4.94e-1	1.00e0	5.19e2	7881	971	971	14540	74.4	36	3.71	532	3.66
265	jaspar_vertebrates.meme	MA0603.1	Arntl	NGTCACGTGH	1.77e-1	1.00e0	5.19e2	1952	971	971	14540	21.2	8	0.82	79	0.54
266	jaspar_vertebrates.meme	MA0604.1	Atf1	RTGACGTA	2.12e-1	1.00e0	5.19e2	1966	971	971	14540	2.39	43	4.43	562	3.87
267	jaspar_vertebrates.meme	MA0605.1	Atf3	GATGACGT	1.76e-2	1.00e0	5.19e2	2169	971	971	14540	15.2	6	0.62	28	0.19
268	jaspar_vertebrates.meme	MA0606.1	NFAT5	NTTTTCCAYN	1.21e-1	1.00e0	5.19e2	10774	971	971	14540	108	1	0.10	1	0.01
269	jaspar_vertebrates.meme	MA0607.1	Bhlha15	SCATATGT	1.50e-1	1.00e0	5.19e2	2857	971	971	14540	1.86	136	14.01	1861	12.80
270	jaspar_vertebrates.meme	MA0608.1	Creb3l2	GCCACGTGD	3.46e-2	1.00e0	5.19e2	2057	971	971	14540	7.08	43	4.43	474	3.26
271	jaspar_vertebrates.meme	MA0609.1	Crem	NATGACGTMA	1.05e-1	1.00e0	5.19e2	1528	971	971	14540	64.6	2	0.21	7	0.05
272	jaspar_vertebrates.meme	MA0610.1	DMRT3	MATGTATCAAN	3.75e-1	1.00e0	5.19e2	2809	971	971	14540	13.4	27	2.78	374	2.57
273	jaspar_vertebrates.meme	MA0611.1	Dux	NCAATCAA	4.30e-1	1.00e0	5.19e2	4117	971	971	14540	4.89	97	9.99	1421	9.77
274	jaspar_vertebrates.meme	MA0612.1	EMX1	VYTAATKASB	5.72e-2	1.00e0	5.19e2	7486	971	971	14540	20.5	11	1.13	92	0.63
275	jaspar_vertebrates.meme	MA0613.1	FOXG1	RTAAACAW	1.98e-2	1.00e0	5.19e2	2006	971	971	14540	31.2	64	6.59	726	4.99
276	jaspar_vertebrates.meme	MA0614.1	Foxj2	RTAAACAA	1.69e-2	1.00e0	5.19e2	6017	971	971	14540	16.1	74	7.62	851	5.85
277	jaspar_vertebrates.meme	MA0615.1	Gmeb1	BHBBKKACGTMMNWNNN	2.37e-1	1.00e0	5.19e2	1383	971	971	14540	12.8	3	0.31	24	0.17
278	jaspar_vertebrates.meme	MA0616.1	Hes2	NNNNGRCACGTGM	1.71e-1	1.00e0	5.19e2	5543	971	971	14540	10.9	2	0.21	10	0.07
279	jaspar_vertebrates.meme	MA0617.1	Id2	RCACGTGR	2.38e-1	1.00e0	5.19e2	2830	971	971	14540	6.87	14	1.44	166	1.14
280	jaspar_vertebrates.meme	MA0618.1	LBX1	TTAATTAG	6.46e-1	1.00e0	5.19e2	4613	971	971	14540	8.58	41	4.22	645	4.44
281	jaspar_vertebrates.meme	MA0619.1	LIN54	DTTTRAATH	1.21e-1	1.00e0	5.19e2	6368	971	971	14540	192	1	0.10	1	0.01
282	jaspar_vertebrates.meme	MA0620.1	Mitf	NRTCACGWGN	1.41e-1	1.00e0	5.19e2	3142	971	971	14540	9.57	3	0.31	18	0.12
283	jaspar_vertebrates.meme	MA0621.1	mix-a	NDTTAATTAGN	6.26e-2	1.00e0	5.19e2	3107	971	971	14540	988	1	0.10	0	0.00
284	jaspar_vertebrates.meme	MA0622.1	Mlxip	BCACGTGK	1.41e-1	1.00e0	5.19e2	2830	971	971	14540	11.8	3	0.31	18	0.12
285	jaspar_vertebrates.meme	MA0623.1	Neurog1	DCCATATGKB	3.23e-1	1.00e0	5.19e2	5007	971	971	14540	8.61	7	0.72	82	0.56
286	jaspar_vertebrates.meme	MA0624.1	NFATC1	WWTTTCCRHN	2.28e-1	1.00e0	5.19e2	10172	971	971	14540	32.6	1	0.10	3	0.02
287	jaspar_vertebrates.meme	MA0625.1	NFATC3	WTTTTCCRYH	1.21e-1	1.00e0	5.19e2	9831	971	971	14540	69.6	1	0.10	1	0.01
288	jaspar_vertebrates.meme	MA0626.1	Npas2	NSCACGTGTN	1.80e-1	1.00e0	5.19e2	2502	971	971	14540	4.41	33	3.40	413	2.84
289	jaspar_vertebrates.meme	MA0627.1	Pou2f3	THKTATGCAAATKMDM	1.21e-1	1.00e0	5.19e2	3569	971	971	14540	6.16e+03	1	0.10	1	0.01
290	jaspar_vertebrates.meme	MA0628.1	POU6F1	AYTAATTART	6.26e-2	1.00e0	5.19e2	5860	971	971	14540	701	1	0.10	0	0.00
291	jaspar_vertebrates.meme	MA0629.1	Rhox11	ANKNCGCTGTWAWDVRW	2.43e-2	1.00e0	5.19e2	4429	971	971	14540	112	5	0.51	22	0.15
292	jaspar_vertebrates.meme	MA0630.1	SHOX	HTAATTRR	1.76e-1	1.00e0	5.19e2	7931	971	971	14540	48.6	1	0.10	2	0.01
293	jaspar_vertebrates.meme	MA0631.1	Six3	DATRGGGTATCAYNWNT	2.04e-1	1.00e0	5.19e2	1429	971	971	14540	110	3	0.31	22	0.15
294	jaspar_vertebrates.meme	MA0632.1	Tcfl5	NBCDCGHGVN	1.39e-1	1.00e0	5.19e2	2385	971	971	14540	1.6	25	2.57	292	2.01
295	jaspar_vertebrates.meme	MA0633.1	Twist2	NCCATATGTK	2.63e-1	1.00e0	5.19e2	1902	971	971	14540	36.4	6	0.62	63	0.43
296	jaspar_vertebrates.meme	MA0634.1	ALX3	YYYAATTANV	1.05e-1	1.00e0	5.19e2	8471	971	971	14540	51.5	6	0.62	46	0.32
297	jaspar_vertebrates.meme	MA0635.1	BARHL2	VHTAAAYGRT	7.41e-1	1.00e0	5.19e2	7696	971	971	14540	12.1	6	0.62	110	0.76
298	jaspar_vertebrates.meme	MA0636.1	BHLHE41	RTCACGTGAC	3.64e-1	1.00e0	5.19e2	671	971	971	14540	390	1	0.10	6	0.04
299	jaspar_vertebrates.meme	MA0637.1	CENPB	CCCGCDTNNWRCGAA	6.21e-1	1.00e0	5.19e2	763	971	971	14540	34.3	1	0.10	14	0.10
300	jaspar_vertebrates.meme	MA0638.1	CREB3	VTGCCACGTCAYCR	2.26e-1	1.00e0	5.19e2	817	971	971	14540	41.1	4	0.41	35	0.24
301	jaspar_vertebrates.meme	MA0639.1	DBP	NRTTACGTAAYV	4.28e-1	1.00e0	5.19e2	1136	971	971	14540	259	3	0.31	35	0.24
302	jaspar_vertebrates.meme	MA0640.1	ELF3	WACCCGGAAGTAR	3.82e-1	1.00e0	5.19e2	1531	971	971	14540	7.61	37	3.81	521	3.58
303	jaspar_vertebrates.meme	MA0641.1	ELF4	AACCCGGAAGTR	2.10e-1	1.00e0	5.19e2	2080	971	971	14540	20.5	29	2.99	366	2.52
304	jaspar_vertebrates.meme	MA0642.1	EN2	VBYAATTAVS	2.26e-1	1.00e0	5.19e2	4939	971	971	14540	12.3	4	0.41	35	0.24
305	jaspar_vertebrates.meme	MA0643.1	Esrrg	TCAAGGTCAH	3.20e-1	1.00e0	5.19e2	2515	971	971	14540	3.13	83	8.55	1175	8.08
306	jaspar_vertebrates.meme	MA0644.1	ESX1	NYYAATTAVM	6.26e-2	1.00e0	5.19e2	8303	971	971	14540	58.1	1	0.10	0	0.00
307	jaspar_vertebrates.meme	MA0645.1	ETV6	MSCGGAAGTR	6.26e-2	1.00e0	5.19e2	5451	971	971	14540	60	1	0.10	0	0.00
308	jaspar_vertebrates.meme	MA0646.1	GCM1	BATGCGGGTAC	4.96e-2	1.00e0	5.19e2	1021	971	971	14540	22.9	2	0.21	4	0.03
309	jaspar_vertebrates.meme	MA0647.1	GRHL1	AAAACCGGTTTD	3.45e-2	1.00e0	5.19e2	1453	971	971	14540	478	2	0.21	3	0.02
310	jaspar_vertebrates.meme	MA0648.1	GSC	VYTAATCCSY	8.84e-1	1.00e0	5.19e2	5788	971	971	14540	5.83	26	2.68	483	3.32
311	jaspar_vertebrates.meme	MA0649.1	HEY2	GRCACGTGYC	3.01e-1	1.00e0	5.19e2	1369	971	971	14540	1.33	65	6.69	906	6.23
312	jaspar_vertebrates.meme	MA0650.1	HOXA13	CYAATAAAAM	2.40e-1	1.00e0	5.19e2	6962	971	971	14540	29	49	5.05	656	4.51
313	jaspar_vertebrates.meme	MA0651.1	HOXC11	RGTCGTAAAAN	3.36e-1	1.00e0	5.19e2	2664	971	971	14540	17.4	20	2.06	266	1.83
314	jaspar_vertebrates.meme	MA0652.1	IRF8	HCGAAACCGAAACT	2.40e-1	1.00e0	5.19e2	191	971	971	14540	45.7	4	0.41	36	0.25
315	jaspar_vertebrates.meme	MA0653.1	IRF9	AACGAAACCGAAACT	2.69e-1	1.00e0	5.19e2	185	971	971	14540	1.14	14	1.44	171	1.18
316	jaspar_vertebrates.meme	MA0654.1	ISX	YYAATTAR	1.21e-1	1.00e0	5.19e2	3905	971	971	14540	82.1	1	0.10	1	0.01
317	jaspar_vertebrates.meme	MA0656.1	JDP2(var.2)	GATGACGTCAYC	6.17e-2	1.00e0	5.19e2	760	971	971	14540	7.69	37	3.81	418	2.87
318	jaspar_vertebrates.meme	MA0657.1	KLF13	RTGMCACGCCCCTTTTTG	1.57e-1	1.00e0	5.19e2	543	971	971	14540	1.13	39	4.02	488	3.36
319	jaspar_vertebrates.meme	MA0658.1	LHX6	RCTAATTARY	1.21e-1	1.00e0	5.19e2	3099	971	971	14540	248	1	0.10	1	0.01
320	jaspar_vertebrates.meme	MA0659.1	MAFG	WWWNTGCTGASTCAGCAHWWW	6.83e-1	1.00e0	5.19e2	1521	971	971	14540	16.9	11	1.13	184	1.27
321	jaspar_vertebrates.meme	MA0660.1	MEF2B	RCTAWAAATAGC	1.26e-1	1.00e0	5.19e2	1725	971	971	14540	2.69e+03	3	0.31	17	0.12
322	jaspar_vertebrates.meme	MA0661.1	MEOX1	VSTAATTAHC	1.51e-1	1.00e0	5.19e2	4360	971	971	14540	16.6	20	2.06	229	1.57
323	jaspar_vertebrates.meme	MA0662.1	MIXL1	NBYAATTAVN	2.28e-1	1.00e0	5.19e2	8228	971	971	14540	69	1	0.10	3	0.02
324	jaspar_vertebrates.meme	MA0663.1	MLX	RTCACGTGAT	1.97e-1	1.00e0	5.19e2	1027	971	971	14540	78.3	7	0.72	69	0.47
325	jaspar_vertebrates.meme	MA0664.1	MLXIPL	RTCACGTGAT	2.26e-1	1.00e0	5.19e2	1578	971	971	14540	57.6	4	0.41	35	0.24
326	jaspar_vertebrates.meme	MA0665.1	MSC	AACAGCTGTT	6.11e-1	1.00e0	5.19e2	1998	971	971	14540	47.7	5	0.51	79	0.54
327	jaspar_vertebrates.meme	MA0666.1	MSX1	SCAATTAV	1.37e-1	1.00e0	5.19e2	4892	971	971	14540	16.6	4	0.41	28	0.19
328	jaspar_vertebrates.meme	MA0667.1	MYF6	AACARCTGTT	5.51e-1	1.00e0	5.19e2	1587	971	971	14540	31.5	9	0.93	135	0.93
329	jaspar_vertebrates.meme	MA0668.1	NEUROD2	RMCATATGBY	3.64e-1	1.00e0	5.19e2	1485	971	971	14540	50.6	1	0.10	6	0.04
330	jaspar_vertebrates.meme	MA0669.1	NEUROG2	RACATATGTC	3.10e-1	1.00e0	5.19e2	753	971	971	14540	68	4	0.41	41	0.28
331	jaspar_vertebrates.meme	MA0671.1	NFIX	NNTGCCAAN	1.32e-1	1.00e0	5.19e2	6534	971	971	14540	2.98	20	2.06	224	1.54
332	jaspar_vertebrates.meme	MA0672.1	NKX2-3	VCCACTTRAV	6.23e-1	1.00e0	5.19e2	3935	971	971	14540	14.3	8	0.82	128	0.88
333	jaspar_vertebrates.meme	MA0673.1	NKX2-8	VCACTTSAV	2.67e-1	1.00e0	5.19e2	5568	971	971	14540	6.13	13	1.34	157	1.08
334	jaspar_vertebrates.meme	MA0674.1	NKX6-1	NTMATTAA	1.18e-1	1.00e0	5.19e2	5906	971	971	14540	34.4	7	0.72	59	0.41
335	jaspar_vertebrates.meme	MA0675.1	NKX6-2	NYMATTAA	7.26e-2	1.00e0	5.19e2	8190	971	971	14540	18.4	12	1.24	108	0.74
336	jaspar_vertebrates.meme	MA0676.1	Nr2e1	AAAAGTCAA	6.10e-1	1.00e0	5.19e2	5850	971	971	14540	18.7	30	3.09	467	3.21
337	jaspar_vertebrates.meme	MA0678.1	OLIG2	AMCATATGKT	3.22e-1	1.00e0	5.19e2	1413	971	971	14540	301	1	0.10	5	0.03
338	jaspar_vertebrates.meme	MA0679.1	ONECUT1	VAAAAATCRATAHY	1.63e-1	1.00e0	5.19e2	845	971	971	14540	151	10	1.03	102	0.70
339	jaspar_vertebrates.meme	MA0680.1	PAX7	TAATCGATTA	1.76e-1	1.00e0	5.19e2	978	971	971	14540	1.41e+03	1	0.10	2	0.01
340	jaspar_vertebrates.meme	MA0681.1	Phox2b	TAATYYAATTA	4.54e-1	1.00e0	5.19e2	4448	971	971	14540	330	4	0.41	51	0.35
341	jaspar_vertebrates.meme	MA0682.1	Pitx1	YTAATCCH	4.91e-1	1.00e0	5.19e2	6757	971	971	14540	11.5	2	0.21	24	0.17
342	jaspar_vertebrates.meme	MA0684.1	RUNX3	WAACCRCAAA	2.26e-1	1.00e0	5.19e2	2487	971	971	14540	31.8	10	1.03	111	0.76
343	jaspar_vertebrates.meme	MA0686.1	SPDEF	AMCCGGATGTR	7.09e-1	1.00e0	5.19e2	1433	971	971	14540	2.38	45	4.63	725	4.99
344	jaspar_vertebrates.meme	MA0687.1	SPIC	HAAAAGVGGAAGTA	4.45e-1	1.00e0	5.19e2	6172	971	971	14540	420	3	0.31	36	0.25
345	jaspar_vertebrates.meme	MA0691.1	TFAP4	AWCAGCTGWT	6.26e-2	1.00e0	5.19e2	1859	971	971	14540	438	1	0.10	0	0.00
346	jaspar_vertebrates.meme	MA0692.1	TFEB	RYCACGTGAC	3.09e-1	1.00e0	5.19e2	2336	971	971	14540	47.9	5	0.51	54	0.37
347	jaspar_vertebrates.meme	MA0693.1	Vdr	GRGTTCATYGRGTTCA	1.66e-1	1.00e0	5.19e2	225	971	971	14540	2.83	11	1.13	115	0.79
348	jaspar_vertebrates.meme	MA0694.1	ZBTB7B	RCGACCACCGAA	1.25e-1	1.00e0	5.19e2	1540	971	971	14540	2.98	42	4.33	517	3.56
349	jaspar_vertebrates.meme	MA0695.1	ZBTB7C	RCGACCACCGAN	1.60e-1	1.00e0	5.19e2	3074	971	971	14540	4.39	19	1.96	218	1.50
350	jaspar_vertebrates.meme	MA0696.1	ZIC1	GACCCCCYGCTGTG	2.85e-1	1.00e0	5.19e2	636	971	971	14540	11.1	9	0.93	105	0.72
351	jaspar_vertebrates.meme	MA0697.1	ZIC3	GACCCCCCGCTGYGH	6.03e-2	1.00e0	5.19e2	1020	971	971	14540	5.39	24	2.47	250	1.72
352	jaspar_vertebrates.meme	MA0698.1	ZBTB18	NATCCAGATGTKB	3.89e-2	1.00e0	5.19e2	1668	971	971	14540	48.8	16	1.65	142	0.98
353	jaspar_vertebrates.meme	MA0699.1	LBX2	NCYAATTARN	1.21e-1	1.00e0	5.19e2	7090	971	971	14540	44	1	0.10	1	0.01
354	jaspar_vertebrates.meme	MA0700.1	LHX2	VCTAATTARB	2.28e-1	1.00e0	5.19e2	4057	971	971	14540	88.1	1	0.10	3	0.02
355	jaspar_vertebrates.meme	MA0701.1	LHX9	BYAATTAR	1.21e-1	1.00e0	5.19e2	7325	971	971	14540	37.4	1	0.10	1	0.01
356	jaspar_vertebrates.meme	MA0702.1	LMX1A	YTAATTAA	1.21e-1	1.00e0	5.19e2	7810	971	971	14540	155	1	0.10	1	0.01
357	jaspar_vertebrates.meme	MA0703.1	LMX1B	NYAATTAA	1.76e-1	1.00e0	5.19e2	9610	971	971	14540	70.1	1	0.10	2	0.01
358	jaspar_vertebrates.meme	MA0704.1	Lhx4	YTAATTAR	1.21e-1	1.00e0	5.19e2	7016	971	971	14540	119	1	0.10	1	0.01
359	jaspar_vertebrates.meme	MA0705.1	Lhx8	CTAATTAV	2.76e-1	1.00e0	5.19e2	4757	971	971	14540	29.7	1	0.10	4	0.03
360	jaspar_vertebrates.meme	MA0706.1	MEOX2	DSTAATTAWN	2.16e-2	1.00e0	5.19e2	7338	971	971	14540	21.6	14	1.44	109	0.75
361	jaspar_vertebrates.meme	MA0707.1	MNX1	DNYAATTAAA	4.36e-2	1.00e0	5.19e2	7360	971	971	14540	92.7	3	0.31	10	0.07
362	jaspar_vertebrates.meme	MA0708.1	MSX2	CCAATTAV	1.21e-1	1.00e0	5.19e2	4419	971	971	14540	15.6	10	1.03	95	0.65
363	jaspar_vertebrates.meme	MA0709.1	Msx3	SCAATTAN	8.73e-2	1.00e0	5.19e2	4594	971	971	14540	16.3	11	1.13	100	0.69
364	jaspar_vertebrates.meme	MA0710.1	NOTO	NYTAATTAVN	1.21e-1	1.00e0	5.19e2	6576	971	971	14540	96.5	1	0.10	1	0.01
365	jaspar_vertebrates.meme	MA0711.1	OTX1	HTAATCCS	9.03e-1	1.00e0	5.19e2	4521	971	971	14540	7.61	1	0.10	35	0.24
366	jaspar_vertebrates.meme	MA0712.1	OTX2	YTAATCCB	8.14e-1	1.00e0	5.19e2	5737	971	971	14540	14.2	1	0.10	25	0.17
367	jaspar_vertebrates.meme	MA0713.1	PHOX2A	TAATYYAATTA	2.60e-1	1.00e0	5.19e2	5430	971	971	14540	332	5	0.51	50	0.34
368	jaspar_vertebrates.meme	MA0714.1	PITX3	NYTAATCCC	7.52e-1	1.00e0	5.19e2	6046	971	971	14540	7.84	10	1.03	179	1.23
369	jaspar_vertebrates.meme	MA0715.1	PROP1	TAATYWAATTA	4.27e-1	1.00e0	5.19e2	3907	971	971	14540	201	11	1.13	150	1.03
370	jaspar_vertebrates.meme	MA0716.1	PRRX1	YYAATTAR	1.21e-1	1.00e0	5.19e2	7205	971	971	14540	62	1	0.10	1	0.01
371	jaspar_vertebrates.meme	MA0717.1	RAX2	YYAATTAV	1.76e-1	1.00e0	5.19e2	7751	971	971	14540	40.2	1	0.10	2	0.01
372	jaspar_vertebrates.meme	MA0718.1	RAX	RYYAATTARH	6.26e-2	1.00e0	5.19e2	7262	971	971	14540	163	1	0.10	0	0.00
373	jaspar_vertebrates.meme	MA0719.1	RHOXF1	NTRATCCN	5.09e-1	1.00e0	5.19e2	7516	971	971	14540	6.23	1	0.10	10	0.07
374	jaspar_vertebrates.meme	MA0720.1	Shox2	YYAATTAR	1.21e-1	1.00e0	5.19e2	6019	971	971	14540	64.6	1	0.10	1	0.01
375	jaspar_vertebrates.meme	MA0721.1	UNCX	YYAATTAV	1.76e-1	1.00e0	5.19e2	8040	971	971	14540	56.7	1	0.10	2	0.01
376	jaspar_vertebrates.meme	MA0722.1	VAX1	YTAATTAH	8.86e-2	1.00e0	5.19e2	8221	971	971	14540	19.9	9	0.93	77	0.53
377	jaspar_vertebrates.meme	MA0723.1	VAX2	YTAATTAB	1.21e-1	1.00e0	5.19e2	7272	971	971	14540	38.4	1	0.10	1	0.01
378	jaspar_vertebrates.meme	MA0724.1	VENTX	AMCGATTAR	1.21e-1	1.00e0	5.19e2	3998	971	971	14540	29	1	0.10	1	0.01
379	jaspar_vertebrates.meme	MA0725.1	VSX1	YTAATTAN	1.76e-1	1.00e0	5.19e2	7484	971	971	14540	52.7	1	0.10	2	0.01
380	jaspar_vertebrates.meme	MA0726.1	VSX2	CTAATTAN	1.21e-1	1.00e0	5.19e2	6516	971	971	14540	64.4	1	0.10	1	0.01
381	jaspar_vertebrates.meme	MA0727.1	NR3C2	KRGWACAYWRTGTWCYH	6.45e-1	1.00e0	5.19e2	218	971	971	14540	191	1	0.10	15	0.10
382	jaspar_vertebrates.meme	MA0733.1	EGR4	NHMCGCCCACGCAHWT	3.24e-2	1.00e0	5.19e2	2167	971	971	14540	1.04	153	15.76	1973	13.57
383	jaspar_vertebrates.meme	MA0734.1	GLI2	GCGACCACMCTR	2.28e-1	1.00e0	5.19e2	1262	971	971	14540	93.3	1	0.10	3	0.02
384	jaspar_vertebrates.meme	MA0739.1	Hic1	RTGCCAACY	1.36e-2	1.00e0	5.19e2	3266	971	971	14540	2.02	75	7.72	855	5.88
385	jaspar_vertebrates.meme	MA0745.1	SNAI2	DRCAGGTGB	6.26e-2	1.00e0	5.19e2	6771	971	971	14540	33	1	0.10	0	0.00
386	jaspar_vertebrates.meme	MA0748.1	YY2	RWCCGCCATTW	2.28e-1	1.00e0	5.19e2	2761	971	971	14540	49.3	1	0.10	3	0.02
387	jaspar_vertebrates.meme	MA0749.1	ZBED1	CTRTCGCGACATR	7.43e-1	1.00e0	5.19e2	57	971	971	14540	7.85	1	0.10	20	0.14
388	jaspar_vertebrates.meme	MA0750.1	ZBTB7A	BGCGACCACCGA	5.84e-1	1.00e0	5.19e2	1983	971	971	14540	5.23	16	1.65	247	1.70
389	jaspar_vertebrates.meme	MA0751.1	ZIC4	GRCCCCCCGCKGYGH	4.39e-2	1.00e0	5.19e2	1779	971	971	14540	11.9	9	0.93	66	0.45
390	jaspar_vertebrates.meme	MA0755.1	CUX2	TRATCGATAW	5.56e-2	1.00e0	5.19e2	2010	971	971	14540	19.2	20	2.06	198	1.36
391	jaspar_vertebrates.meme	MA0756.1	ONECUT2	RAAAAATCRATAWH	4.41e-2	1.00e0	5.19e2	2280	971	971	14540	181	13	1.34	110	0.76
392	jaspar_vertebrates.meme	MA0757.1	ONECUT3	AAAAAATCRATAAH	3.10e-2	1.00e0	5.19e2	2656	971	971	14540	496	12	1.24	93	0.64
393	jaspar_vertebrates.meme	MA0759.1	ELK3	ACCGGAAGTD	5.06e-2	1.00e0	5.19e2	3605	971	971	14540	33.4	9	0.93	68	0.47
394	jaspar_vertebrates.meme	MA0760.1	ERF	ACCGGAAGTR	3.51e-2	1.00e0	5.19e2	3164	971	971	14540	55.3	9	0.93	63	0.43
395	jaspar_vertebrates.meme	MA0761.1	ETV1	ACCGGAAGTD	5.70e-2	1.00e0	5.19e2	3986	971	971	14540	20.4	8	0.82	59	0.41
396	jaspar_vertebrates.meme	MA0762.1	ETV2	AACCGGAAATR	2.51e-1	1.00e0	5.19e2	2426	971	971	14540	2.14	109	11.23	1526	10.50
397	jaspar_vertebrates.meme	MA0763.1	ETV3	ACCGGAAGTR	3.18e-2	1.00e0	5.19e2	3606	971	971	14540	41.5	7	0.72	42	0.29
398	jaspar_vertebrates.meme	MA0764.1	ETV4	ACCGGAAGTR	1.77e-1	1.00e0	5.19e2	4445	971	971	14540	17	8	0.82	79	0.54
399	jaspar_vertebrates.meme	MA0765.1	ETV5	ACCGGAWGYN	7.75e-2	1.00e0	5.19e2	4340	971	971	14540	10.4	6	0.62	42	0.29
400	jaspar_vertebrates.meme	MA0766.1	GATA5	WGATAASR	3.65e-1	1.00e0	5.19e2	5609	971	971	14540	5.51	31	3.19	430	2.96
401	jaspar_vertebrates.meme	MA0767.1	GCM2	BATGCGGGTR	1.05e-1	1.00e0	5.19e2	1527	971	971	14540	15.1	2	0.21	7	0.05
402	jaspar_vertebrates.meme	MA0768.1	LEF1	AAAGATCAAAGGRWW	6.42e-1	1.00e0	5.19e2	1979	971	971	14540	53	11	1.13	178	1.22
403	jaspar_vertebrates.meme	MA0769.1	Tcf7	AAAGATCAAAGG	5.09e-1	1.00e0	5.19e2	2050	971	971	14540	1.18e+03	1	0.10	10	0.07
404	jaspar_vertebrates.meme	MA0770.1	HSF2	TTCTAGAAYRTTC	1.18e-1	1.00e0	5.19e2	1305	971	971	14540	364	7	0.72	59	0.41
405	jaspar_vertebrates.meme	MA0771.1	HSF4	TTCTAGAABNTTC	3.22e-1	1.00e0	5.19e2	2346	971	971	14540	1.29e+03	1	0.10	5	0.03
406	jaspar_vertebrates.meme	MA0772.1	IRF7	HCGAAARYGAAAVT	1.26e-1	1.00e0	5.19e2	3450	971	971	14540	1.29e+03	2	0.21	8	0.06
407	jaspar_vertebrates.meme	MA0773.1	MEF2D	DCTAWAAATAGM	3.22e-1	1.00e0	5.19e2	1920	971	971	14540	5.29e+03	1	0.10	5	0.03
408	jaspar_vertebrates.meme	MA0774.1	MEIS2	TTGACAGS	6.26e-2	1.00e0	5.19e2	4670	971	971	14540	18.1	1	0.10	0	0.00
409	jaspar_vertebrates.meme	MA0775.1	MEIS3	DTGACAGS	6.26e-2	1.00e0	5.19e2	5506	971	971	14540	9.67	1	0.10	0	0.00
410	jaspar_vertebrates.meme	MA0776.1	MYBL1	ACCGTTAACSGY	1.12e-1	1.00e0	5.19e2	436	971	971	14540	20.9	6	0.62	47	0.32
411	jaspar_vertebrates.meme	MA0777.1	MYBL2	RRCCGTTAAACBGYY	4.26e-1	1.00e0	5.19e2	393	971	971	14540	16.4	4	0.41	49	0.34
412	jaspar_vertebrates.meme	MA0778.1	NFKB2	AGGGGAWTCCCCY	1.06e-1	1.00e0	5.19e2	1019	971	971	14540	1.15	70	7.21	894	6.15
413	jaspar_vertebrates.meme	MA0780.1	PAX3	TAATYRATTA	1.21e-1	1.00e0	5.19e2	1387	971	971	14540	2.13e+03	1	0.10	1	0.01
414	jaspar_vertebrates.meme	MA0784.1	POU1F1	AWTATGCWAATKAG	1.94e-1	1.00e0	5.19e2	5080	971	971	14540	3.06e+03	2	0.21	11	0.08
415	jaspar_vertebrates.meme	MA0785.1	POU2F1	AWTATGCWAATK	1.94e-1	1.00e0	5.19e2	6232	971	971	14540	563	2	0.21	11	0.08
416	jaspar_vertebrates.meme	MA0786.1	POU3F1	WTATGCWAATKW	2.41e-1	1.00e0	5.19e2	6861	971	971	14540	216	10	1.03	113	0.78
417	jaspar_vertebrates.meme	MA0787.1	POU3F2	WTATGCWAATKA	1.53e-1	1.00e0	5.19e2	5002	971	971	14540	408	6	0.62	52	0.36
418	jaspar_vertebrates.meme	MA0788.1	POU3F3	WWTATGCWAATTW	9.89e-2	1.00e0	5.19e2	6345	971	971	14540	1.65e+03	3	0.31	15	0.10
419	jaspar_vertebrates.meme	MA0789.1	POU3F4	TATGCWAAT	3.52e-2	1.00e0	5.19e2	3405	971	971	14540	276	3	0.31	9	0.06
420	jaspar_vertebrates.meme	MA0790.1	POU4F1	ATGMATAATTAATG	3.89e-2	1.00e0	5.19e2	6583	971	971	14540	1.62e+03	4	0.41	17	0.12
421	jaspar_vertebrates.meme	MA0791.1	POU4F3	RTGMATWATTAATGAR	1.54e-2	1.00e0	5.19e2	6312	971	971	14540	5.39e+03	3	0.31	6	0.04
422	jaspar_vertebrates.meme	MA0792.1	POU5F1B	TATGCWAAT	2.20e-1	1.00e0	5.19e2	6556	971	971	14540	103	3	0.31	23	0.16
423	jaspar_vertebrates.meme	MA0793.1	POU6F2	ASCTMATTAW	1.21e-1	1.00e0	5.19e2	4200	971	971	14540	127	1	0.10	1	0.01
424	jaspar_vertebrates.meme	MA0794.1	PROX1	YAAGACGYCTTA	2.76e-1	1.00e0	5.19e2	532	971	971	14540	369	1	0.10	4	0.03
425	jaspar_vertebrates.meme	MA0797.1	TGIF2	TGACAGSTGTCA	1.76e-1	1.00e0	5.19e2	578	971	971	14540	1.91e+03	1	0.10	2	0.01
426	jaspar_vertebrates.meme	MA0798.1	RFX3	BGTTRCCATGGYAACS	2.76e-1	1.00e0	5.19e2	1337	971	971	14540	4.8e+03	1	0.10	4	0.03
427	jaspar_vertebrates.meme	MA0799.1	RFX4	NGTWRCCATGGYWACS	2.89e-1	1.00e0	5.19e2	1699	971	971	14540	1.63e+03	2	0.21	15	0.10
428	jaspar_vertebrates.meme	MA0800.1	EOMES	RAGGTGTGAAAWN	7.61e-2	1.00e0	5.19e2	3163	971	971	14540	124	4	0.41	22	0.15
429	jaspar_vertebrates.meme	MA0802.1	TBR1	AGGTGTGAAA	7.70e-2	1.00e0	5.19e2	3002	971	971	14540	12	30	3.09	335	2.30
430	jaspar_vertebrates.meme	MA0803.1	TBX15	AGGTGTGA	1.49e-2	1.00e0	5.19e2	2554	971	971	14540	31.2	5	0.51	19	0.13
431	jaspar_vertebrates.meme	MA0804.1	TBX19	DTTMRCACMTAGGTGTGAAW	1.05e-1	1.00e0	5.19e2	848	971	971	14540	178	4	0.41	25	0.17
432	jaspar_vertebrates.meme	MA0806.1	TBX4	AGGTGTGA	9.21e-3	1.00e0	5.19e2	4160	971	971	14540	17.4	4	0.41	10	0.07
433	jaspar_vertebrates.meme	MA0807.1	TBX5	AGGTGTKA	9.21e-3	1.00e0	5.19e2	5747	971	971	14540	11.5	4	0.41	10	0.07
434	jaspar_vertebrates.meme	MA0809.1	TEAD4	NRCATTCCWN	1.27e-2	1.00e0	5.19e2	7065	971	971	14540	12	17	1.75	133	0.91
435	jaspar_vertebrates.meme	MA0812.1	TFAP2B(var.2)	HGCCTSAGGCD	1.31e-2	1.00e0	5.19e2	3908	971	971	14540	1.24	234	24.10	3053	21.00
436	jaspar_vertebrates.meme	MA0816.1	Ascl2	ARCAGCTGCY	1.76e-1	1.00e0	5.19e2	4375	971	971	14540	97.8	1	0.10	2	0.01
437	jaspar_vertebrates.meme	MA0817.1	BHLHE23	AAACATATGBTN	2.41e-1	1.00e0	5.19e2	574	971	971	14540	421	2	0.21	13	0.09
438	jaspar_vertebrates.meme	MA0818.1	BHLHE22	AMCATATGBT	2.18e-1	1.00e0	5.19e2	891	971	971	14540	31.9	8	0.82	84	0.58
439	jaspar_vertebrates.meme	MA0819.1	CLOCK	AACACGTGTH	1.74e-1	1.00e0	5.19e2	1611	971	971	14540	2.04	61	6.28	802	5.52
440	jaspar_vertebrates.meme	MA0820.1	FIGLA	WMCACCTGKW	1.48e-1	1.00e0	5.19e2	5390	971	971	14540	5.55	43	4.43	540	3.71
441	jaspar_vertebrates.meme	MA0823.1	HEY1	GRCACGTGCC	3.01e-1	1.00e0	5.19e2	1736	971	971	14540	1.99	69	7.11	964	6.63
442	jaspar_vertebrates.meme	MA0825.1	MNT	RVCACGTGMH	1.26e-1	1.00e0	5.19e2	2579	971	971	14540	14.7	2	0.21	8	0.06
443	jaspar_vertebrates.meme	MA0826.1	OLIG1	AMCATATGKT	1.54e-1	1.00e0	5.19e2	632	971	971	14540	12.6	11	1.13	113	0.78
444	jaspar_vertebrates.meme	MA0827.1	OLIG3	AMCATATGBY	3.22e-1	1.00e0	5.19e2	2431	971	971	14540	199	1	0.10	5	0.03
445	jaspar_vertebrates.meme	MA0828.1	SREBF2(var.2)	ATCACGTGAY	2.98e-1	1.00e0	5.19e2	1266	971	971	14540	3.82	34	3.50	458	3.15
446	jaspar_vertebrates.meme	MA0829.1	Srebf1(var.2)	ATCACGTGAY	2.75e-1	1.00e0	5.19e2	1471	971	971	14540	6.29	32	3.30	424	2.92
447	jaspar_vertebrates.meme	MA0830.1	TCF4	HRCACCTGBN	2.99e-2	1.00e0	5.19e2	5728	971	971	14540	4.08	137	14.11	1743	11.99
448	jaspar_vertebrates.meme	MA0831.1	TFE3	VYCACGTGAY	3.77e-1	1.00e0	5.19e2	2778	971	971	14540	23	3	0.31	32	0.22
449	jaspar_vertebrates.meme	MA0832.1	Tcf21	RYAACAGCTGTTRN	6.40e-1	1.00e0	5.19e2	505	971	971	14540	57.6	3	0.31	49	0.34
450	jaspar_vertebrates.meme	MA0833.1	ATF4	GKATGAYGCAATM	1.94e-1	1.00e0	5.19e2	1026	971	971	14540	230	2	0.21	11	0.08
451	jaspar_vertebrates.meme	MA0834.1	ATF7	NDATGACGTCATMV	8.54e-2	1.00e0	5.19e2	682	971	971	14540	2.48	39	4.02	458	3.15
452	jaspar_vertebrates.meme	MA0836.1	CEBPD	RTTRCGCAAY	2.76e-1	1.00e0	5.19e2	1761	971	971	14540	69	1	0.10	4	0.03
453	jaspar_vertebrates.meme	MA0837.1	CEBPE	VTTRCGCAAY	3.22e-1	1.00e0	5.19e2	2990	971	971	14540	47	1	0.10	5	0.03
454	jaspar_vertebrates.meme	MA0838.1	CEBPG	ATTRCGCAAY	2.41e-1	1.00e0	5.19e2	753	971	971	14540	2.68	23	2.37	290	1.99
455	jaspar_vertebrates.meme	MA0839.1	CREB3L1	VTGCCACGTCAYCA	1.26e-1	1.00e0	5.19e2	492	971	971	14540	116	2	0.21	8	0.06
456	jaspar_vertebrates.meme	MA0840.1	Creb5	NATGACGTCAYH	1.26e-1	1.00e0	5.19e2	939	971	971	14540	298	4	0.41	27	0.19
457	jaspar_vertebrates.meme	MA0842.1	NRL	DWWNTGCTGAC	3.19e-1	1.00e0	5.19e2	6003	971	971	14540	10.4	9	0.93	109	0.75
458	jaspar_vertebrates.meme	MA0843.1	TEF	BRTTACRTAAYM	4.41e-1	1.00e0	5.19e2	1109	971	971	14540	758	1	0.10	8	0.06
459	jaspar_vertebrates.meme	MA0844.1	XBP1	WDKGMCACGTCATC	1.76e-1	1.00e0	5.19e2	622	971	971	14540	335	1	0.10	2	0.01
460	jaspar_vertebrates.meme	MA0845.1	FOXB1	WATGTAAATAT	3.64e-1	1.00e0	5.19e2	6558	971	971	14540	1.32e+03	1	0.10	6	0.04
461	jaspar_vertebrates.meme	MA0846.1	FOXC2	WAWGTAAACAWW	1.48e-1	1.00e0	5.19e2	8493	971	971	14540	2.74e+03	2	0.21	9	0.06
462	jaspar_vertebrates.meme	MA0847.1	FOXD2	GTAAACA	9.91e-3	1.00e0	5.19e2	8618	971	971	14540	16.5	11	1.13	68	0.47
463	jaspar_vertebrates.meme	MA0848.1	FOXO4	GTAAACA	4.15e-2	1.00e0	5.19e2	6320	971	971	14540	16.1	17	1.75	155	1.07
464	jaspar_vertebrates.meme	MA0849.1	FOXO6	GTAAACA	3.67e-2	1.00e0	5.19e2	4399	971	971	14540	26.4	6	0.62	34	0.23
465	jaspar_vertebrates.meme	MA0850.1	FOXP3	RTAAACA	4.39e-2	1.00e0	5.19e2	8272	971	971	14540	8.62	41	4.22	457	3.14
466	jaspar_vertebrates.meme	MA0851.1	Foxj3	NDAADGTAAACAAANNM	5.26e-2	1.00e0	5.19e2	6675	971	971	14540	3.19e+03	5	0.51	28	0.19
467	jaspar_vertebrates.meme	MA0852.1	Foxk1	NRAATGTAAACAAAVNB	2.17e-1	1.00e0	5.19e2	5447	971	971	14540	852	12	1.24	136	0.94
468	jaspar_vertebrates.meme	MA0853.1	Alx4	CGCRYTAATTARYHNNY	2.28e-1	1.00e0	5.19e2	3230	971	971	14540	1.92e+03	1	0.10	3	0.02
469	jaspar_vertebrates.meme	MA0854.1	Alx1	CGMRYTAATTARTNMNY	6.26e-2	1.00e0	5.19e2	3435	971	971	14540	5.93e+03	1	0.10	0	0.00
470	jaspar_vertebrates.meme	MA0861.1	TP73	DRCATGTCNNRACAYGYM	3.51e-1	1.00e0	5.19e2	388	971	971	14540	17	6	0.62	71	0.49
471	jaspar_vertebrates.meme	MA0862.1	GMEB2	TTACGTAA	9.77e-2	1.00e0	5.19e2	1451	971	971	14540	8.7	7	0.72	56	0.39
472	jaspar_vertebrates.meme	MA0863.1	MTF1	TTTGCACACGGCAC	6.21e-1	1.00e0	5.19e2	253	971	971	14540	33.4	1	0.10	14	0.10
473	jaspar_vertebrates.meme	MA0865.1	E2F8	TTTCCCGCCAAA	1.71e-1	1.00e0	5.19e2	364	971	971	14540	428	2	0.21	10	0.07
474	jaspar_vertebrates.meme	MA0866.1	SOX21	AACAATKKYAGTGTT	5.57e-1	1.00e0	5.19e2	151	971	971	14540	2.06	7	0.72	105	0.72
475	jaspar_vertebrates.meme	MA0869.1	Sox11	AACAATTKCAGTGTT	1.00e0	1.00e0	5.19e2	8	971	971	14540	5.14	0	0.00	7	0.05
476	jaspar_vertebrates.meme	MA0871.1	TFEC	RTCACRTGAB	4.97e-1	1.00e0	5.19e2	2855	971	971	14540	28.5	5	0.51	69	0.47
477	jaspar_vertebrates.meme	MA0873.1	HOXD12	RGTCGTAAAAH	2.67e-1	1.00e0	5.19e2	1196	971	971	14540	69.5	4	0.41	38	0.26
478	jaspar_vertebrates.meme	MA0874.1	Arx	VTBCRYTAATTARTKSW	6.26e-2	1.00e0	5.19e2	2844	971	971	14540	1.61e+04	1	0.10	0	0.00
479	jaspar_vertebrates.meme	MA0875.1	BARX1	VCMATTAV	1.00e-1	1.00e0	5.19e2	6241	971	971	14540	10.2	10	1.03	91	0.63
480	jaspar_vertebrates.meme	MA0876.1	BSX	SYVATTAV	1.04e-1	1.00e0	5.19e2	6010	971	971	14540	9.82	9	0.93	80	0.55
481	jaspar_vertebrates.meme	MA0877.1	Barhl1	NNTAAWTGNB	2.28e-1	1.00e0	5.19e2	9415	971	971	14540	17.8	1	0.10	3	0.02
482	jaspar_vertebrates.meme	MA0878.1	CDX1	GYMATAAAA	3.62e-1	1.00e0	5.19e2	7791	971	971	14540	29.8	24	2.47	328	2.26
483	jaspar_vertebrates.meme	MA0879.1	Dlx1	NVTAATTANN	7.14e-2	1.00e0	5.19e2	9356	971	971	14540	35.5	6	0.62	41	0.28
484	jaspar_vertebrates.meme	MA0880.1	Dlx3	NYAATTAN	1.49e-2	1.00e0	5.19e2	7925	971	971	14540	21.2	5	0.51	19	0.13
485	jaspar_vertebrates.meme	MA0881.1	Dlx4	VYAATTAN	8.14e-3	1.00e0	5.19e2	7337	971	971	14540	18.6	8	0.82	39	0.27
486	jaspar_vertebrates.meme	MA0882.1	DLX6	VYAATTAN	2.81e-2	1.00e0	5.19e2	6752	971	971	14540	24.5	5	0.51	23	0.16
487	jaspar_vertebrates.meme	MA0883.1	Dmbx1	WDRWNMGGATTADKNNW	4.08e-1	1.00e0	5.19e2	3127	971	971	14540	8.51	55	5.66	792	5.45
488	jaspar_vertebrates.meme	MA0884.1	DUXA	NTRAYYTAATCAD	9.06e-2	1.00e0	5.19e2	3865	971	971	14540	206	6	0.62	44	0.30
489	jaspar_vertebrates.meme	MA0885.1	Dlx2	VYAATTAN	2.93e-2	1.00e0	5.19e2	5783	971	971	14540	26.8	6	0.62	32	0.22
490	jaspar_vertebrates.meme	MA0886.1	EMX2	VBTAATTARB	6.26e-2	1.00e0	5.19e2	4552	971	971	14540	83.4	1	0.10	0	0.00
491	jaspar_vertebrates.meme	MA0887.1	EVX1	VVTAATTABS	5.61e-2	1.00e0	5.19e2	6919	971	971	14540	10.5	26	2.68	273	1.88
492	jaspar_vertebrates.meme	MA0888.1	EVX2	VVTAATTAVB	8.26e-2	1.00e0	5.19e2	6711	971	971	14540	11.3	20	2.06	209	1.44
493	jaspar_vertebrates.meme	MA0889.1	GBX1	VCYAATTASY	4.76e-1	1.00e0	5.19e2	3504	971	971	14540	46.6	1	0.10	9	0.06
494	jaspar_vertebrates.meme	MA0890.1	GBX2	RSYAATTARN	1.21e-1	1.00e0	5.19e2	4656	971	971	14540	67.9	1	0.10	1	0.01
495	jaspar_vertebrates.meme	MA0891.1	GSC2	NYTAATCCBH	7.70e-1	1.00e0	5.19e2	7184	971	971	14540	7.1	6	0.62	114	0.78
496	jaspar_vertebrates.meme	MA0892.1	GSX1	NCYMATTAVN	1.21e-1	1.00e0	5.19e2	9155	971	971	14540	49.4	1	0.10	1	0.01
497	jaspar_vertebrates.meme	MA0893.1	GSX2	NSYMATTARH	1.21e-1	1.00e0	5.19e2	9571	971	971	14540	54.4	1	0.10	1	0.01
498	jaspar_vertebrates.meme	MA0894.1	HESX1	GHTAATTRRH	1.21e-1	1.00e0	5.19e2	4706	971	971	14540	115	1	0.10	1	0.01
499	jaspar_vertebrates.meme	MA0895.1	HMBOX1	MYTAGTTAMS	5.64e-1	1.00e0	5.19e2	4353	971	971	14540	9.29	17	1.75	259	1.78
500	jaspar_vertebrates.meme	MA0896.1	Hmx1	VSVAGCAATTAAWGVDB	6.72e-1	1.00e0	5.19e2	3716	971	971	14540	136	5	0.51	85	0.58
501	jaspar_vertebrates.meme	MA0897.1	Hmx2	ASAAGCAATTAAHVVRT	1.11e-1	1.00e0	5.19e2	4355	971	971	14540	420	7	0.72	58	0.40
502	jaspar_vertebrates.meme	MA0898.1	Hmx3	ASAAGCAATTAAWRRAT	1.11e-1	1.00e0	5.19e2	5045	971	971	14540	184	14	1.44	142	0.98
503	jaspar_vertebrates.meme	MA0899.1	HOXA10	DGYMATAAAAH	1.96e-1	1.00e0	5.19e2	9305	971	971	14540	78.8	9	0.93	94	0.65
504	jaspar_vertebrates.meme	MA0900.1	HOXA2	NSTMATTAVS	2.84e-1	1.00e0	5.19e2	6963	971	971	14540	15.3	6	0.62	65	0.45
505	jaspar_vertebrates.meme	MA0901.1	HOXB13	CCAATAAAAH	3.80e-1	1.00e0	5.19e2	6576	971	971	14540	13.5	91	9.37	1314	9.04
506	jaspar_vertebrates.meme	MA0902.1	HOXB2	NNTMATTANN	3.89e-2	1.00e0	5.19e2	8420	971	971	14540	31.1	4	0.41	17	0.12
507	jaspar_vertebrates.meme	MA0903.1	HOXB3	NNYMATTARN	6.26e-2	1.00e0	5.19e2	8102	971	971	14540	54	1	0.10	0	0.00
508	jaspar_vertebrates.meme	MA0904.1	Hoxb5	ANGKTAATTASCHMAT	1.26e-1	1.00e0	5.19e2	4571	971	971	14540	401	4	0.41	27	0.19
509	jaspar_vertebrates.meme	MA0905.1	HOXC10	GTCRTAAAAH	2.94e-1	1.00e0	5.19e2	4689	971	971	14540	14.4	40	4.12	543	3.73
510	jaspar_vertebrates.meme	MA0906.1	HOXC12	RGTCGTAAAAH	5.09e-1	1.00e0	5.19e2	1816	971	971	14540	92.7	1	0.10	10	0.07
511	jaspar_vertebrates.meme	MA0907.1	HOXC13	BCTCGTAAAAH	5.61e-2	1.00e0	5.19e2	2146	971	971	14540	12.9	26	2.68	273	1.88
512	jaspar_vertebrates.meme	MA0908.1	HOXD11	RTCGTAAAAH	3.22e-1	1.00e0	5.19e2	3853	971	971	14540	113	1	0.10	5	0.03
513	jaspar_vertebrates.meme	MA0909.1	HOXD13	CYMATAAAAH	3.22e-1	1.00e0	5.19e2	6379	971	971	14540	210	1	0.10	5	0.03
514	jaspar_vertebrates.meme	MA0910.1	Hoxd8	TAADTAATTAATRGCTN	1.21e-1	1.00e0	5.19e2	7446	971	971	14540	3.01e+04	1	0.10	1	0.01
515	jaspar_vertebrates.meme	MA0911.1	Hoxa11	RGTCGTAAAANT	1.29e-1	1.00e0	5.19e2	4106	971	971	14540	29.2	12	1.24	121	0.83
516	jaspar_vertebrates.meme	MA0912.1	Hoxd3	YTGDDBTAATTAMHBT	6.33e-2	1.00e0	5.19e2	5453	971	971	14540	692	3	0.31	12	0.08
517	jaspar_vertebrates.meme	MA0913.1	Hoxd9	GYAATWAAAW	2.78e-2	1.00e0	5.19e2	9525	971	971	14540	94.7	4	0.41	15	0.10
518	jaspar_vertebrates.meme	MA0914.1	ISL2	GCAMTTAR	5.89e-1	1.00e0	5.19e2	7418	971	971	14540	8.12	5	0.51	77	0.53
519	jaspar_vertebrates.meme	MA1099.1	Hes1	SVCACGYGHN	1.05e-1	1.00e0	5.19e2	1502	971	971	14540	2.64	2	0.21	7	0.05

# AME (Analysis of Motif Enrichment): Version 5.0.1 compiled on May  9 2019 at 04:39:00
# The format of this file is described at http://meme-suite.org/doc/ame-output-format.html.
# ame --o cluster4_faxdc2_bg/ --evalue-report-threshold 10000 --control faxdc2_interaction_background_c4.fa faxdc2_interaction_c4.fa jaspar_vertebrates.meme
